#
# A fatal error has been detected by the Java Runtime Environment:
#
#  SIGSEGV (0xb) at pc=0x0000000182f0d3f0, pid=27778, tid=5379
#
# JRE version: Java(TM) SE Runtime Environment (21.0.9+7) (build 21.0.9+7-LTS-338)
# Java VM: Java HotSpot(TM) 64-Bit Server VM (21.0.9+7-LTS-338, mixed mode, sharing, tiered, compressed oops, compressed class ptrs, g1 gc, bsd-aarch64)
# Problematic frame:
# C  [libsystem_platform.dylib+0x33f0]  _platform_memmove+0x90
#
# No core dump will be written. Core dumps have been disabled. To enable core dumping, try "ulimit -c unlimited" before starting Java again
#
# If you would like to submit a bug report, please visit:
#   https://bugreport.java.com/bugreport/crash.jsp
# The crash happened outside the Java Virtual Machine in native code.
# See problematic frame for where to report the bug.
#

---------------  S U M M A R Y ------------

Command Line: -Dorg.gradle.internal.worker.tmpdir=/Users/macbook/StudioProjects/#Kite/KiteFFmpeg/kiteffmpeg-core/build/tmp/jvmTest/work -Xmx512m -Dfile.encoding=UTF-8 -Duser.country=DZ -Duser.language=en -Duser.variant -ea worker.org.gradle.process.internal.worker.GradleWorkerMain 'Gradle Test Executor 21'

Host: "Mac14,15" arm64, 8 cores, 16G, Darwin 25.6.0, macOS 26.6.1 (25G76)
Time: Sun Aug 30 09:32:39 2026 CET elapsed time: 1.489286 seconds (0d 0h 0m 1s)

---------------  T H R E A D  ---------------

Current thread (0x0000000140018600):  JavaThread "Test worker @coroutine#1"        [_thread_in_native, id=5379, stack(0x000000016f0c4000,0x000000016f2c7000) (2060K)]

Stack: [0x000000016f0c4000,0x000000016f2c7000],  sp=0x000000016f2c3b90,  free space=2046k
Native frames: (J=compiled Java code, j=interpreted, Vv=VM code, C=native code)
C  [libsystem_platform.dylib+0x33f0]  _platform_memmove+0x90
j  io.github.yuroyami.kiteffmpeg.Internals.codecCtxSendFrame$io_github_yuroyami_kiteffmpeg_core(JJ)I+20
j  io.github.yuroyami.kiteffmpeg.EncoderCore.sendAndDrain(JJ)V+9
j  io.github.yuroyami.kiteffmpeg.EncoderCore.encode(JLio/github/yuroyami/kiteffmpeg/Frame;)V+261
j  io.github.yuroyami.kiteffmpeg.AudioEncoder$drive$2$1.emit(Lio/github/yuroyami/kiteffmpeg/Frame;Lkotlin/coroutines/Continuation;)Ljava/lang/Object;+12
j  io.github.yuroyami.kiteffmpeg.AudioEncoder$drive$2$1.emit(Ljava/lang/Object;Lkotlin/coroutines/Continuation;)Ljava/lang/Object;+6
j  kotlinx.coroutines.flow.FlowKt__BuildersKt$flowOf$$inlined$unsafeFlow$2.collect(Lkotlinx/coroutines/flow/FlowCollector;Lkotlin/coroutines/Continuation;)Ljava/lang/Object;+15
j  io.github.yuroyami.kiteffmpeg.AudioEncoder.drive(Lkotlinx/coroutines/flow/Flow;Lkotlin/coroutines/Continuation;)Ljava/lang/Object;+171
j  io.github.yuroyami.kiteffmpeg.AudioEncoderMismatchContractTest$aFrameWithTheWrongChannelCountIsRefusedRatherThanReadPastItsEnd$1.invokeSuspend(Ljava/lang/Object;)Ljava/lang/Object;+149
j  kotlin.coroutines.jvm.internal.BaseContinuationImpl.resumeWith(Ljava/lang/Object;)V+40
j  kotlinx.coroutines.DispatchedTask.run()V+314
j  kotlinx.coroutines.EventLoopImplBase.processNextEvent()J+27
j  kotlinx.coroutines.BlockingCoroutine.joinBlocking()Ljava/lang/Object;+43
j  kotlinx.coroutines.BuildersKt__BuildersKt.runBlockingImpl(Lkotlin/coroutines/CoroutineContext;Lkotlinx/coroutines/EventLoop;Lkotlin/jvm/functions/Function2;)Ljava/lang/Object;+23
j  kotlinx.coroutines.BuildersKt.runBlockingImpl(Lkotlin/coroutines/CoroutineContext;Lkotlinx/coroutines/EventLoop;Lkotlin/jvm/functions/Function2;)Ljava/lang/Object;+3
j  kotlinx.coroutines.BuildersKt__Builders_concurrentKt.runBlockingK(Lkotlin/coroutines/CoroutineContext;Lkotlin/jvm/functions/Function2;)Ljava/lang/Object;+79
j  kotlinx.coroutines.BuildersKt.runBlockingK(Lkotlin/coroutines/CoroutineContext;Lkotlin/jvm/functions/Function2;)Ljava/lang/Object;+2
j  kotlinx.coroutines.BuildersKt__Builders_concurrentKt.runBlockingK$default(Lkotlin/coroutines/CoroutineContext;Lkotlin/jvm/functions/Function2;ILjava/lang/Object;)Ljava/lang/Object;+15
j  kotlinx.coroutines.BuildersKt.runBlockingK$default(Lkotlin/coroutines/CoroutineContext;Lkotlin/jvm/functions/Function2;ILjava/lang/Object;)Ljava/lang/Object;+4
j  io.github.yuroyami.kiteffmpeg.AudioEncoderMismatchContractTest.aFrameWithTheWrongChannelCountIsRefusedRatherThanReadPastItsEnd()V+15
j  java.lang.invoke.DirectMethodHandle$Holder.invokeSpecial(Ljava/lang/Object;Ljava/lang/Object;)V+10 java.base@21.0.9
j  java.lang.invoke.LambdaForm$MH+0x00000004010a0800.invoke(Ljava/lang/Object;Ljava/lang/Object;)Ljava/lang/Object;+31 java.base@21.0.9
j  java.lang.invoke.Invokers$Holder.invokeExact_MT(Ljava/lang/Object;Ljava/lang/Object;Ljava/lang/Object;)Ljava/lang/Object;+19 java.base@21.0.9
j  jdk.internal.reflect.DirectMethodHandleAccessor.invokeImpl(Ljava/lang/Object;[Ljava/lang/Object;)Ljava/lang/Object;+41 java.base@21.0.9
j  jdk.internal.reflect.DirectMethodHandleAccessor.invoke(Ljava/lang/Object;[Ljava/lang/Object;)Ljava/lang/Object;+23 java.base@21.0.9
j  java.lang.reflect.Method.invoke(Ljava/lang/Object;[Ljava/lang/Object;)Ljava/lang/Object;+102 java.base@21.0.9
j  org.junit.runners.model.FrameworkMethod$1.runReflectiveCall()Ljava/lang/Object;+15
j  org.junit.internal.runners.model.ReflectiveCallable.run()Ljava/lang/Object;+1
j  org.junit.runners.model.FrameworkMethod.invokeExplosively(Ljava/lang/Object;[Ljava/lang/Object;)Ljava/lang/Object;+10
j  org.junit.internal.runners.statements.InvokeMethod.evaluate()V+12
j  org.junit.internal.runners.statements.RunAfters.evaluate()V+12
j  org.junit.runners.ParentRunner$3.evaluate()V+4
j  org.junit.runners.BlockJUnit4ClassRunner$1.evaluate()V+11
j  org.junit.runners.ParentRunner.runLeaf(Lorg/junit/runners/model/Statement;Lorg/junit/runner/Description;Lorg/junit/runner/notification/RunNotifier;)V+17
j  org.junit.runners.BlockJUnit4ClassRunner.runChild(Lorg/junit/runners/model/FrameworkMethod;Lorg/junit/runner/notification/RunNotifier;)V+38
j  org.junit.runners.BlockJUnit4ClassRunner.runChild(Ljava/lang/Object;Lorg/junit/runner/notification/RunNotifier;)V+6
j  org.junit.runners.ParentRunner$4.run()V+12
j  org.junit.runners.ParentRunner$1.schedule(Ljava/lang/Runnable;)V+1
j  org.junit.runners.ParentRunner.runChildren(Lorg/junit/runner/notification/RunNotifier;)V+44
j  org.junit.runners.ParentRunner.access$100(Lorg/junit/runners/ParentRunner;Lorg/junit/runner/notification/RunNotifier;)V+2
j  org.junit.runners.ParentRunner$2.evaluate()V+8
j  org.junit.runners.ParentRunner$3.evaluate()V+4
j  org.junit.runners.ParentRunner.run(Lorg/junit/runner/notification/RunNotifier;)V+24
j  org.junit.runner.JUnitCore.run(Lorg/junit/runner/Runner;)Lorg/junit/runner/Result;+37
j  org.junit.runner.JUnitCore.run(Lorg/junit/runner/Request;)Lorg/junit/runner/Result;+5
j  org.gradle.api.internal.tasks.testing.junit.JUnitTestExecutor.runRequest(Lorg/junit/runner/Request;)V+32
j  org.gradle.api.internal.tasks.testing.junit.JUnitTestExecutor.accept(Lorg/gradle/api/internal/tasks/testing/ClassTestDefinition;)V+33
j  org.gradle.api.internal.tasks.testing.junit.JUnitTestExecutor.accept(Ljava/lang/Object;)V+5
j  org.gradle.api.internal.tasks.testing.junit.AbstractJUnitTestDefinitionProcessor.processTestDefinition(Lorg/gradle/api/internal/tasks/testing/TestDefinition;)V+34
j  org.gradle.api.internal.tasks.testing.SuiteTestDefinitionProcessor.processTestDefinition(Lorg/gradle/api/internal/tasks/testing/TestDefinition;)V+5
j  java.lang.invoke.LambdaForm$DMH+0x0000000401004800.invokeInterface(Ljava/lang/Object;Ljava/lang/Object;Ljava/lang/Object;)V+24 java.base@21.0.9
j  java.lang.invoke.LambdaForm$MH+0x000000040101ac00.invoke(Ljava/lang/Object;Ljava/lang/Object;Ljava/lang/Object;)Ljava/lang/Object;+52 java.base@21.0.9
j  java.lang.invoke.Invokers$Holder.invokeExact_MT(Ljava/lang/Object;Ljava/lang/Object;Ljava/lang/Object;Ljava/lang/Object;)Ljava/lang/Object;+20 java.base@21.0.9
j  jdk.internal.reflect.DirectMethodHandleAccessor.invokeImpl(Ljava/lang/Object;[Ljava/lang/Object;)Ljava/lang/Object;+55 java.base@21.0.9
j  jdk.internal.reflect.DirectMethodHandleAccessor.invoke(Ljava/lang/Object;[Ljava/lang/Object;)Ljava/lang/Object;+23 java.base@21.0.9
j  java.lang.reflect.Method.invoke(Ljava/lang/Object;[Ljava/lang/Object;)Ljava/lang/Object;+102 java.base@21.0.9
j  org.gradle.internal.dispatch.MethodInvocation.invokeOn(Ljava/lang/Object;)V+17
j  org.gradle.internal.dispatch.ReflectionDispatch.dispatch(Lorg/gradle/internal/dispatch/MethodInvocation;)V+5
j  org.gradle.internal.dispatch.ReflectionDispatch.dispatch(Ljava/lang/Object;)V+5
j  org.gradle.internal.dispatch.ContextClassLoaderDispatch.dispatch(Ljava/lang/Object;)V+22
j  org.gradle.internal.dispatch.ProxyDispatchAdapter$DispatchingInvocationHandler.invoke(Ljava/lang/Object;Ljava/lang/reflect/Method;[Ljava/lang/Object;)Ljava/lang/Object;+259
j  jdk.proxy1.$Proxy4.processTestDefinition(Lorg/gradle/api/internal/tasks/testing/TestDefinition;)V+16 jdk.proxy1
j  org.gradle.api.internal.tasks.testing.worker.TestWorker$2.run()V+34
j  org.gradle.api.internal.tasks.testing.worker.TestWorker.executeAndMaintainThreadName(Ljava/lang/Runnable;)V+1
j  org.gradle.api.internal.tasks.testing.worker.TestWorker.execute(Lorg/gradle/process/internal/worker/WorkerProcessContext;)V+76
j  org.gradle.api.internal.tasks.testing.worker.TestWorker.execute(Ljava/lang/Object;)V+5
j  org.gradle.process.internal.worker.child.ActionExecutionWorker.execute(Lorg/gradle/process/internal/worker/WorkerProcessContext;)V+65
j  org.gradle.process.internal.worker.child.SystemApplicationClassLoaderWorker.call()Ljava/lang/Void;+270
j  org.gradle.process.internal.worker.child.SystemApplicationClassLoaderWorker.call()Ljava/lang/Object;+1
j  worker.org.gradle.process.internal.worker.GradleWorkerMain.run()V+250
j  worker.org.gradle.process.internal.worker.GradleWorkerMain.main([Ljava/lang/String;)V+7
v  ~StubRoutines::call_stub 0x0000000117234154
V  [libjvm.dylib+0x4d6794]  JavaCalls::call_helper(JavaValue*, methodHandle const&, JavaCallArguments*, JavaThread*)+0x39c
V  [libjvm.dylib+0x546cec]  jni_invoke_static(JNIEnv_*, JavaValue*, _jobject*, JNICallType, _jmethodID*, JNI_ArgumentPusher*, JavaThread*)+0x144
V  [libjvm.dylib+0x54a2d8]  jni_CallStaticVoidMethod+0xfc
C  [libjli.dylib+0xb644]  JavaMain+0xd5c
C  [libjli.dylib+0xd8c8]  ThreadJavaMain+0xc
C  [libsystem_pthread.dylib+0x6c58]  _pthread_start+0x88
Java frames: (J=compiled Java code, j=interpreted, Vv=VM code)
j  io.github.yuroyami.kiteffmpeg.Internals.nativeCodecCtxSendFrame(JJ)I+0
j  io.github.yuroyami.kiteffmpeg.Internals.codecCtxSendFrame$io_github_yuroyami_kiteffmpeg_core(JJ)I+20
j  io.github.yuroyami.kiteffmpeg.EncoderCore.sendAndDrain(JJ)V+9
j  io.github.yuroyami.kiteffmpeg.EncoderCore.encode(JLio/github/yuroyami/kiteffmpeg/Frame;)V+261
j  io.github.yuroyami.kiteffmpeg.AudioEncoder$drive$2$1.emit(Lio/github/yuroyami/kiteffmpeg/Frame;Lkotlin/coroutines/Continuation;)Ljava/lang/Object;+12
j  io.github.yuroyami.kiteffmpeg.AudioEncoder$drive$2$1.emit(Ljava/lang/Object;Lkotlin/coroutines/Continuation;)Ljava/lang/Object;+6
j  kotlinx.coroutines.flow.FlowKt__BuildersKt$flowOf$$inlined$unsafeFlow$2.collect(Lkotlinx/coroutines/flow/FlowCollector;Lkotlin/coroutines/Continuation;)Ljava/lang/Object;+15
j  io.github.yuroyami.kiteffmpeg.AudioEncoder.drive(Lkotlinx/coroutines/flow/Flow;Lkotlin/coroutines/Continuation;)Ljava/lang/Object;+171
j  io.github.yuroyami.kiteffmpeg.AudioEncoderMismatchContractTest$aFrameWithTheWrongChannelCountIsRefusedRatherThanReadPastItsEnd$1.invokeSuspend(Ljava/lang/Object;)Ljava/lang/Object;+149
j  kotlin.coroutines.jvm.internal.BaseContinuationImpl.resumeWith(Ljava/lang/Object;)V+40
j  kotlinx.coroutines.DispatchedTask.run()V+314
j  kotlinx.coroutines.EventLoopImplBase.processNextEvent()J+27
j  kotlinx.coroutines.BlockingCoroutine.joinBlocking()Ljava/lang/Object;+43
j  kotlinx.coroutines.BuildersKt__BuildersKt.runBlockingImpl(Lkotlin/coroutines/CoroutineContext;Lkotlinx/coroutines/EventLoop;Lkotlin/jvm/functions/Function2;)Ljava/lang/Object;+23
j  kotlinx.coroutines.BuildersKt.runBlockingImpl(Lkotlin/coroutines/CoroutineContext;Lkotlinx/coroutines/EventLoop;Lkotlin/jvm/functions/Function2;)Ljava/lang/Object;+3
j  kotlinx.coroutines.BuildersKt__Builders_concurrentKt.runBlockingK(Lkotlin/coroutines/CoroutineContext;Lkotlin/jvm/functions/Function2;)Ljava/lang/Object;+79
j  kotlinx.coroutines.BuildersKt.runBlockingK(Lkotlin/coroutines/CoroutineContext;Lkotlin/jvm/functions/Function2;)Ljava/lang/Object;+2
j  kotlinx.coroutines.BuildersKt__Builders_concurrentKt.runBlockingK$default(Lkotlin/coroutines/CoroutineContext;Lkotlin/jvm/functions/Function2;ILjava/lang/Object;)Ljava/lang/Object;+15
j  kotlinx.coroutines.BuildersKt.runBlockingK$default(Lkotlin/coroutines/CoroutineContext;Lkotlin/jvm/functions/Function2;ILjava/lang/Object;)Ljava/lang/Object;+4
j  io.github.yuroyami.kiteffmpeg.AudioEncoderMismatchContractTest.aFrameWithTheWrongChannelCountIsRefusedRatherThanReadPastItsEnd()V+15
j  java.lang.invoke.DirectMethodHandle$Holder.invokeSpecial(Ljava/lang/Object;Ljava/lang/Object;)V+10 java.base@21.0.9
j  java.lang.invoke.LambdaForm$MH+0x00000004010a0800.invoke(Ljava/lang/Object;Ljava/lang/Object;)Ljava/lang/Object;+31 java.base@21.0.9
j  java.lang.invoke.Invokers$Holder.invokeExact_MT(Ljava/lang/Object;Ljava/lang/Object;Ljava/lang/Object;)Ljava/lang/Object;+19 java.base@21.0.9
j  jdk.internal.reflect.DirectMethodHandleAccessor.invokeImpl(Ljava/lang/Object;[Ljava/lang/Object;)Ljava/lang/Object;+41 java.base@21.0.9
j  jdk.internal.reflect.DirectMethodHandleAccessor.invoke(Ljava/lang/Object;[Ljava/lang/Object;)Ljava/lang/Object;+23 java.base@21.0.9
j  java.lang.reflect.Method.invoke(Ljava/lang/Object;[Ljava/lang/Object;)Ljava/lang/Object;+102 java.base@21.0.9
j  org.junit.runners.model.FrameworkMethod$1.runReflectiveCall()Ljava/lang/Object;+15
j  org.junit.internal.runners.model.ReflectiveCallable.run()Ljava/lang/Object;+1
j  org.junit.runners.model.FrameworkMethod.invokeExplosively(Ljava/lang/Object;[Ljava/lang/Object;)Ljava/lang/Object;+10
j  org.junit.internal.runners.statements.InvokeMethod.evaluate()V+12
j  org.junit.internal.runners.statements.RunAfters.evaluate()V+12
j  org.junit.runners.ParentRunner$3.evaluate()V+4
j  org.junit.runners.BlockJUnit4ClassRunner$1.evaluate()V+11
j  org.junit.runners.ParentRunner.runLeaf(Lorg/junit/runners/model/Statement;Lorg/junit/runner/Description;Lorg/junit/runner/notification/RunNotifier;)V+17
j  org.junit.runners.BlockJUnit4ClassRunner.runChild(Lorg/junit/runners/model/FrameworkMethod;Lorg/junit/runner/notification/RunNotifier;)V+38
j  org.junit.runners.BlockJUnit4ClassRunner.runChild(Ljava/lang/Object;Lorg/junit/runner/notification/RunNotifier;)V+6
j  org.junit.runners.ParentRunner$4.run()V+12
j  org.junit.runners.ParentRunner$1.schedule(Ljava/lang/Runnable;)V+1
j  org.junit.runners.ParentRunner.runChildren(Lorg/junit/runner/notification/RunNotifier;)V+44
j  org.junit.runners.ParentRunner.access$100(Lorg/junit/runners/ParentRunner;Lorg/junit/runner/notification/RunNotifier;)V+2
j  org.junit.runners.ParentRunner$2.evaluate()V+8
j  org.junit.runners.ParentRunner$3.evaluate()V+4
j  org.junit.runners.ParentRunner.run(Lorg/junit/runner/notification/RunNotifier;)V+24
j  org.junit.runner.JUnitCore.run(Lorg/junit/runner/Runner;)Lorg/junit/runner/Result;+37
j  org.junit.runner.JUnitCore.run(Lorg/junit/runner/Request;)Lorg/junit/runner/Result;+5
j  org.gradle.api.internal.tasks.testing.junit.JUnitTestExecutor.runRequest(Lorg/junit/runner/Request;)V+32
j  org.gradle.api.internal.tasks.testing.junit.JUnitTestExecutor.accept(Lorg/gradle/api/internal/tasks/testing/ClassTestDefinition;)V+33
j  org.gradle.api.internal.tasks.testing.junit.JUnitTestExecutor.accept(Ljava/lang/Object;)V+5
j  org.gradle.api.internal.tasks.testing.junit.AbstractJUnitTestDefinitionProcessor.processTestDefinition(Lorg/gradle/api/internal/tasks/testing/TestDefinition;)V+34
j  org.gradle.api.internal.tasks.testing.SuiteTestDefinitionProcessor.processTestDefinition(Lorg/gradle/api/internal/tasks/testing/TestDefinition;)V+5
j  java.lang.invoke.LambdaForm$DMH+0x0000000401004800.invokeInterface(Ljava/lang/Object;Ljava/lang/Object;Ljava/lang/Object;)V+24 java.base@21.0.9
j  java.lang.invoke.LambdaForm$MH+0x000000040101ac00.invoke(Ljava/lang/Object;Ljava/lang/Object;Ljava/lang/Object;)Ljava/lang/Object;+52 java.base@21.0.9
j  java.lang.invoke.Invokers$Holder.invokeExact_MT(Ljava/lang/Object;Ljava/lang/Object;Ljava/lang/Object;Ljava/lang/Object;)Ljava/lang/Object;+20 java.base@21.0.9
j  jdk.internal.reflect.DirectMethodHandleAccessor.invokeImpl(Ljava/lang/Object;[Ljava/lang/Object;)Ljava/lang/Object;+55 java.base@21.0.9
j  jdk.internal.reflect.DirectMethodHandleAccessor.invoke(Ljava/lang/Object;[Ljava/lang/Object;)Ljava/lang/Object;+23 java.base@21.0.9
j  java.lang.reflect.Method.invoke(Ljava/lang/Object;[Ljava/lang/Object;)Ljava/lang/Object;+102 java.base@21.0.9
j  org.gradle.internal.dispatch.MethodInvocation.invokeOn(Ljava/lang/Object;)V+17
j  org.gradle.internal.dispatch.ReflectionDispatch.dispatch(Lorg/gradle/internal/dispatch/MethodInvocation;)V+5
j  org.gradle.internal.dispatch.ReflectionDispatch.dispatch(Ljava/lang/Object;)V+5
j  org.gradle.internal.dispatch.ContextClassLoaderDispatch.dispatch(Ljava/lang/Object;)V+22
j  org.gradle.internal.dispatch.ProxyDispatchAdapter$DispatchingInvocationHandler.invoke(Ljava/lang/Object;Ljava/lang/reflect/Method;[Ljava/lang/Object;)Ljava/lang/Object;+259
j  jdk.proxy1.$Proxy4.processTestDefinition(Lorg/gradle/api/internal/tasks/testing/TestDefinition;)V+16 jdk.proxy1
j  org.gradle.api.internal.tasks.testing.worker.TestWorker$2.run()V+34
j  org.gradle.api.internal.tasks.testing.worker.TestWorker.executeAndMaintainThreadName(Ljava/lang/Runnable;)V+1
j  org.gradle.api.internal.tasks.testing.worker.TestWorker.execute(Lorg/gradle/process/internal/worker/WorkerProcessContext;)V+76
j  org.gradle.api.internal.tasks.testing.worker.TestWorker.execute(Ljava/lang/Object;)V+5
j  org.gradle.process.internal.worker.child.ActionExecutionWorker.execute(Lorg/gradle/process/internal/worker/WorkerProcessContext;)V+65
j  org.gradle.process.internal.worker.child.SystemApplicationClassLoaderWorker.call()Ljava/lang/Void;+270
j  org.gradle.process.internal.worker.child.SystemApplicationClassLoaderWorker.call()Ljava/lang/Object;+1
j  worker.org.gradle.process.internal.worker.GradleWorkerMain.run()V+250
j  worker.org.gradle.process.internal.worker.GradleWorkerMain.main([Ljava/lang/String;)V+7
v  ~StubRoutines::call_stub 0x0000000117234154

siginfo: si_signo: 11 (SIGSEGV), si_code: 2 (SEGV_ACCERR), si_addr: 0x0000000000000000

Registers:
 x0=0x0000000106228200  x1=0x0000000000000000  x2=0x0000000000001000  x3=0x0000000106228220
 x4=0xfffffffef9dd7e00  x5=0x0000000000000020  x6=0x0000000140018600  x7=0x0000000000000000
 x8=0x0000000106226200  x9=0x0000000000000400 x10=0x0000000000000001 x11=0x0000000000000b19
x12=0x0000000000000014 x13=0x0000000000000114 x14=0x0000000000000114 x15=0x00000000ffffffff
x16=0x0000000182f0d360 x17=0x00000001f0f85570 x18=0x0000000000000000 x19=0x0000000000000c00
x20=0x0000000160150190 x21=0x0000000000000001 x22=0x0000000132cf8b08 x23=0x0000000127eb6240
x24=0x0000000000000000 x25=0x0000000160159000 x26=0x0000000127eb6240 x27=0x0000000160150000
x28=0x0000000140018600  fp=0x000000016f2c4510  lr=0x0000000132204d54  sp=0x000000016f2c3b90
pc=0x0000000182f0d3f0 cpsr=0x0000000080001000

Register to memory mapping:

x0 =0x0000000106228200 points into unknown readable memory: 0x0000000000000000 | 00 00 00 00 00 00 00 00
x1 =0x0 is null
x2 =0x0000000000001000 is an unknown value
x3 =0x0000000106228220 points into unknown readable memory: 0x0000000000000000 | 00 00 00 00 00 00 00 00
x4 =0xfffffffef9dd7e00 is an unknown value
x5 =0x0000000000000020 is an unknown value
x6 =0x0000000140018600 is a thread
x7 =0x0 is null
x8 =0x0000000106226200 points into unknown readable memory: 0x0000000000000000 | 00 00 00 00 00 00 00 00
x9 =0x0000000000000400 is an unknown value
x10=0x0000000000000001 is an unknown value
x11=0x0000000000000b19 is an unknown value
x12=0x0000000000000014 is an unknown value
x13=0x0000000000000114 is an unknown value
x14=0x0000000000000114 is an unknown value
x15=0x00000000ffffffff is an unknown value
x16=0x0000000182f0d360: _platform_memmove+0 in /usr/lib/system/libsystem_platform.dylib at 0x0000000182f0a000
x17=0x00000001f0f85570 points into unknown readable memory: 0x0000000182f0d090 | 90 d0 f0 82 01 00 00 00
x18=0x0 is null
x19=0x0000000000000c00 is an unknown value
x20=0x0000000160150190 points into unknown readable memory: 0x0000000106223200 | 00 32 22 06 01 00 00 00
x21=0x0000000000000001 is an unknown value
x22=0x0000000132cf8b08: aac_chan_maps+0x10 in /private/var/folders/qr/7h9vl5x91ks45f_xf9phsfgm0000gn/T/kitecodec-jni13298711081252586587/libkitecodec_jni.dylib at 0x000000013209c000
x23=0x0000000127eb6240 points into unknown readable memory: 0x00000001581f4200 | 00 42 1f 58 01 00 00 00
x24=0x0 is null
x25=0x0000000160159000 points into unknown readable memory: 0x0000000000000000 | 00 00 00 00 00 00 00 00
x26=0x0000000127eb6240 points into unknown readable memory: 0x00000001581f4200 | 00 42 1f 58 01 00 00 00
x27=0x0000000160150000 points into unknown readable memory: 0x0000000132fb4db0 | b0 4d fb 32 01 00 00 00
x28=0x0000000140018600 is a thread
 fp=0x000000016f2c4510 is pointing into the stack for thread: 0x0000000140018600
 lr=0x0000000132204d54: aac_encode_frame+0x108 in /private/var/folders/qr/7h9vl5x91ks45f_xf9phsfgm0000gn/T/kitecodec-jni13298711081252586587/libkitecodec_jni.dylib at 0x000000013209c000
 sp=0x000000016f2c3b90 is pointing into the stack for thread: 0x0000000140018600

Top of Stack: (sp=0x000000016f2c3b90)
0x000000016f2c3b90:   0000000147e0d150 0000000000000000
0x000000016f2c3ba0:   0000000147e0d5e8 000000016f2c43ec
0x000000016f2c3bb0:   0000000127eb5fa0 00000001072054a4
0x000000016f2c3bc0:   000000040048e5f8 0000000300000002
0x000000016f2c3bd0:   0000000127eb5ba0 ffffffff0000000e
0x000000016f2c3be0:   0000000400488090 0000000000000000
0x000000016f2c3bf0:   000000016f2c3c20 0000000106bb24f0
0x000000016f2c3c00:   000000016f2c40e0 0000000401134618
0x000000016f2c3c10:   0000000000000011 000000016f2c3d00
0x000000016f2c3c20:   000000016f2c3cf0 0000000106d3939c
0x000000016f2c3c30:   0000000140018600 00000001218e8a60
0x000000016f2c3c40:   00000001218e8a64 0000005d00000000
0x000000016f2c3c50:   0000000100000012 00000001218e56f0
0x000000016f2c3c60:   0000000140018600 0000001300000011
0x000000016f2c3c70:   0046004e00000011 0000001200000035
0x000000016f2c3c80:   0000000000000000 0000000147e00000
0x000000016f2c3c90:   0000000160159000 0000000000000000
0x000000016f2c3ca0:   0000000000000000 0000000147e00000
0x000000016f2c3cb0:   0000000000000000 0000000000000000
0x000000016f2c3cc0:   00000001218e56f0 0000000147e0d1c0
0x000000016f2c3cd0:   0000000401134618 0000000401134618
0x000000016f2c3ce0:   00000000a8400000 0000000147e0d1f0
0x000000016f2c3cf0:   00000000a8401000 0000000000000005
0x000000016f2c3d00:   000000016f2c3d80 0000000106a4c288
0x000000016f2c3d10:   00000000a97d9305 0000000147e0d1f0
0x000000016f2c3d20:   0000000100000001 ffffffff00000018
0x000000016f2c3d30:   ffffffffffffffd8 0000000401134618
0x000000016f2c3d40:   0000000100000001 000000016f2c40c0
0x000000016f2c3d50:   000000016f2c3e30 c4fc6b1153640010
0x000000016f2c3d60:   0000000000000005 0000000000000000
0x000000016f2c3d70:   0000000000000004 0000000147e0d1f0
0x000000016f2c3d80:   000000016f2c3f40 0000000107002d30 

Instructions: (pc=0x0000000182f0d3f0)
0x0000000182f0d2f0:   a8 02 40 f9 db ff ff 17 88 02 09 8b 00 41 00 91
0x0000000182f0d300:   fd 7b 46 a9 f4 4f 45 a9 f6 57 44 a9 f8 5f 43 a9
0x0000000182f0d310:   fa 67 42 a9 ff c3 01 91 ff 0f 5f d6 08 7c 40 93
0x0000000182f0d320:   f4 57 bf a9 34 00 00 b0 94 9a 16 91 55 fc 34 f0
0x0000000182f0d330:   b5 02 00 91 b4 06 00 f9 a8 1e 00 f9 f4 57 c1 a8
0x0000000182f0d340:   20 00 36 d4 28 00 00 90 08 29 3d 91 08 04 00 f9
0x0000000182f0d350:   08 00 80 12 08 10 00 b9 c0 03 5f d6 00 00 00 00
0x0000000182f0d360:   03 00 01 cb 7f 00 02 eb 43 0e 00 54 e3 03 00 aa
0x0000000182f0d370:   5f 00 01 f1 c3 0c 00 54 24 00 00 cb 9f 00 02 eb
0x0000000182f0d380:   23 06 00 54 5f 10 40 f1 03 03 00 54 63 80 00 91
0x0000000182f0d390:   63 e8 7b 92 22 0c 40 ac 65 00 00 cb 21 00 05 8b
0x0000000182f0d3a0:   20 04 40 ac 21 80 00 91 42 00 05 cb 02 0c 00 ac
0x0000000182f0d3b0:   42 00 01 f1 e9 00 00 54 60 04 00 ac 63 80 00 91
0x0000000182f0d3c0:   20 04 40 ac 21 80 00 91 42 80 00 f1 68 ff ff 54
0x0000000182f0d3d0:   21 00 02 8b 22 0c 40 ac 60 04 00 ac 63 00 02 8b
0x0000000182f0d3e0:   62 0c 01 ac c0 03 5f d6 63 80 00 91 63 e8 7b 92
0x0000000182f0d3f0:   22 0c 40 ac 65 00 00 cb 21 00 05 8b 20 04 40 ac
0x0000000182f0d400:   21 80 00 91 42 00 05 cb 02 0c 00 ad 42 00 01 f1
0x0000000182f0d410:   e9 00 00 54 60 04 00 ad 63 80 00 91 20 04 40 ac
0x0000000182f0d420:   21 80 00 91 42 80 00 f1 68 ff ff 54 21 00 02 8b
0x0000000182f0d430:   22 0c 40 ac 60 04 00 ad 63 00 02 8b 62 0c 01 ad
0x0000000182f0d440:   c0 03 5f d6 5f 10 40 f1 03 03 00 54 63 80 00 91
0x0000000182f0d450:   63 e8 7b 92 22 0c 40 ad 65 00 00 cb 21 00 05 8b
0x0000000182f0d460:   20 04 40 ad 21 80 00 91 42 00 05 cb 02 0c 00 ac
0x0000000182f0d470:   42 00 01 f1 e9 00 00 54 60 04 00 ac 63 80 00 91
0x0000000182f0d480:   20 04 40 ad 21 80 00 91 42 80 00 f1 68 ff ff 54
0x0000000182f0d490:   21 00 02 8b 22 0c 40 ad 60 04 00 ac 63 00 02 8b
0x0000000182f0d4a0:   62 0c 01 ac c0 03 5f d6 63 80 00 91 63 e8 7b 92
0x0000000182f0d4b0:   22 0c 40 ad 65 00 00 cb 21 00 05 8b 20 04 40 ad
0x0000000182f0d4c0:   21 80 00 91 42 00 05 cb 02 0c 00 ad 42 00 01 f1
0x0000000182f0d4d0:   e9 00 00 54 60 04 00 ad 63 80 00 91 20 04 40 ad
0x0000000182f0d4e0:   21 80 00 91 42 80 00 f1 68 ff ff 54 21 00 02 8b 


Stack slot to memory mapping:

stack at sp + 0 slots: 0x0000000147e0d150 points into unknown readable memory: 0x0000000000000002 | 02 00 00 00 00 00 00 00
stack at sp + 1 slots: 0x0 is null
stack at sp + 2 slots: 0x0000000147e0d5e8 points into unknown readable memory: 0x00000007ffee9c28 | 28 9c ee ff 07 00 00 00
stack at sp + 3 slots: 0x000000016f2c43ec is pointing into the stack for thread: 0x0000000140018600
stack at sp + 4 slots: 0x0000000127eb5fa0 points into unknown readable memory: 0x0000000000000000 | 00 00 00 00 00 00 00 00
stack at sp + 5 slots: 0x00000001072054a4: _ZN16SystemDictionary23check_signature_loadersEP6SymbolP5Klass6HandleS4_b+0x9c in /Library/Java/JavaVirtualMachines/jdk-21.jdk/Contents/Home/lib/server/libjvm.dylib at 0x0000000106888000
stack at sp + 6 slots: 0x000000040048e5f8 is pointing into metadata
stack at sp + 7 slots: 0x0000000300000002 points into unknown readable memory: 00 00 00 00 00 00


---------------  P R O C E S S  ---------------

Threads class SMR info:
_java_thread_list=0x0000000157f3c510, length=13, elements={
0x0000000140018600, 0x0000000130808200, 0x000000015080e200, 0x000000015080f600,
0x0000000106011e00, 0x000000015080fe00, 0x00000001400b6200, 0x0000000125008200,
0x0000000158809400, 0x00000001400b7400, 0x0000000158014000, 0x000000010600b400,
0x000000015886e400
}

Java Threads: ( => current thread )
=>0x0000000140018600 JavaThread "Test worker @coroutine#1"          [_thread_in_native, id=5379, stack(0x000000016f0c4000,0x000000016f2c7000) (2060K)]
  0x0000000130808200 JavaThread "Reference Handler"          daemon [_thread_blocked, id=31491, stack(0x000000017023c000,0x000000017043f000) (2060K)]
  0x000000015080e200 JavaThread "Finalizer"                  daemon [_thread_blocked, id=22531, stack(0x0000000170448000,0x000000017064b000) (2060K)]
  0x000000015080f600 JavaThread "Signal Dispatcher"          daemon [_thread_blocked, id=30979, stack(0x0000000170654000,0x0000000170857000) (2060K)]
  0x0000000106011e00 JavaThread "Service Thread"             daemon [_thread_blocked, id=30723, stack(0x0000000170860000,0x0000000170a63000) (2060K)]
  0x000000015080fe00 JavaThread "Monitor Deflation Thread"   daemon [_thread_blocked, id=23299, stack(0x0000000170a6c000,0x0000000170c6f000) (2060K)]
  0x00000001400b6200 JavaThread "C2 CompilerThread0"         daemon [_thread_blocked, id=23811, stack(0x0000000170c78000,0x0000000170e7b000) (2060K)]
  0x0000000125008200 JavaThread "C1 CompilerThread0"         daemon [_thread_blocked, id=30211, stack(0x0000000170e84000,0x0000000171087000) (2060K)]
  0x0000000158809400 JavaThread "Notification Thread"        daemon [_thread_blocked, id=29699, stack(0x0000000171090000,0x0000000171293000) (2060K)]
  0x00000001400b7400 JavaThread "Common-Cleaner"             daemon [_thread_blocked, id=29443, stack(0x000000017129c000,0x000000017149f000) (2060K)]
  0x0000000158014000 JavaThread "/127.0.0.1:50636 to /127.0.0.1:50634 workers"        [_thread_blocked, id=29187, stack(0x00000001714a8000,0x00000001716ab000) (2060K)]
  0x000000010600b400 JavaThread "/127.0.0.1:50636 to /127.0.0.1:50634 workers Thread 2"        [_thread_blocked, id=28675, stack(0x00000001716b4000,0x00000001718b7000) (2060K)]
  0x000000015886e400 JavaThread "/127.0.0.1:50636 to /127.0.0.1:50634 workers Thread 3"        [_thread_in_native, id=28419, stack(0x00000001718c0000,0x0000000171ac3000) (2060K)]
Total: 13

Other Threads:
  0x00000001014081e0 VMThread "VM Thread"                           [id=18947, stack(0x000000016ff18000,0x000000017011b000) (2060K)]
  0x0000000127e056e0 WatcherThread "VM Periodic Task Thread"        [id=20739, stack(0x000000016fd0c000,0x000000016ff0f000) (2060K)]
  0x0000000147e18c90 WorkerThread "GC Thread#0"                     [id=11779, stack(0x000000016f2d0000,0x000000016f4d3000) (2060K)]
  0x0000000157e58470 WorkerThread "GC Thread#1"                     [id=28163, stack(0x0000000171acc000,0x0000000171ccf000) (2060K)]
  0x0000000147f5c100 WorkerThread "GC Thread#2"                     [id=25347, stack(0x0000000171cd8000,0x0000000171edb000) (2060K)]
  0x0000000147f5c950 WorkerThread "GC Thread#3"                     [id=27395, stack(0x0000000171ee4000,0x00000001720e7000) (2060K)]
  0x0000000147f5d300 WorkerThread "GC Thread#4"                     [id=25603, stack(0x00000001720f0000,0x00000001722f3000) (2060K)]
  0x0000000147f5e0a0 WorkerThread "GC Thread#5"                     [id=26883, stack(0x00000001722fc000,0x00000001724ff000) (2060K)]
  0x0000000147eac8b0 WorkerThread "GC Thread#6"                     [id=26371, stack(0x0000000172508000,0x000000017270b000) (2060K)]
  0x0000000147ead3f0 WorkerThread "GC Thread#7"                     [id=32771, stack(0x0000000172714000,0x0000000172917000) (2060K)]
  0x0000000147f04a20 ConcurrentGCThread "G1 Main Marker"            [id=13571, stack(0x000000016f4dc000,0x000000016f6df000) (2060K)]
  0x0000000147e19710 WorkerThread "G1 Conc#0"                       [id=12547, stack(0x000000016f6e8000,0x000000016f8eb000) (2060K)]
  0x000000015880bc00 ConcurrentGCThread "G1 Refine#0"               [id=12291, stack(0x000000016f8f4000,0x000000016faf7000) (2060K)]
  0x0000000147e61c60 ConcurrentGCThread "G1 Service"                [id=21507, stack(0x000000016fb00000,0x000000016fd03000) (2060K)]
Total: 14

Threads with active compile tasks:
Total: 0

VM state: not at safepoint (normal execution)

VM Mutex/Monitor currently owned by a thread: None

Heap address: 0x00000007e0000000, size: 512 MB, Compressed Oops mode: Zero based, Oop shift amount: 3

CDS archive(s) mapped at: [0x0000000400000000-0x0000000400ca8000-0x0000000400ca8000), size 13271040, SharedBaseAddress: 0x0000000400000000, ArchiveRelocationMode: 1.
Compressed class space mapped at: 0x0000000401000000-0x0000000441000000, reserved size: 1073741824
Narrow klass base: 0x0000000400000000, Narrow klass shift: 0, Narrow klass range: 0x100000000

GC Precious Log:
 CardTable entry size: 512
 Card Set container configuration: InlinePtr #cards 5 size 8 Array Of Cards #cards 12 size 40 Howl #buckets 4 coarsen threshold 1843 Howl Bitmap #cards 512 size 80 coarsen threshold 460 Card regions per heap region 1 cards per card region 2048
 CPUs: 8 total, 8 available
 Memory: 16384M
 Large Page Support: Disabled
 NUMA Support: Disabled
 Compressed Oops: Enabled (Zero based)
 Heap Region Size: 1M
 Heap Min Capacity: 8M
 Heap Initial Capacity: 256M
 Heap Max Capacity: 512M
 Pre-touch: Disabled
 Parallel Workers: 8
 Concurrent Workers: 2
 Concurrent Refinement Workers: 8
 Periodic GC: Disabled

Heap:
 garbage-first heap   total 264192K, used 9756K [0x00000007e0000000, 0x0000000800000000)
  region size 1024K, 8 young (8192K), 3 survivors (3072K)
 Metaspace       used 9446K, committed 9728K, reserved 1114112K
  class space    used 1013K, committed 1152K, reserved 1048576K

Heap Regions: E=young(eden), S=young(survivor), O=old, HS=humongous(starts), HC=humongous(continues), CS=collection set, F=free, TAMS=top-at-mark-start, PB=parsable bottom
|   0|0x00000007e0000000, 0x00000007e007c6c0, 0x00000007e0100000| 48%| O|  |TAMS 0x00000007e0000000| PB 0x00000007e0000000| Untracked 
|   1|0x00000007e0100000, 0x00000007e0200000, 0x00000007e0200000|100%|HS|  |TAMS 0x00000007e0100000| PB 0x00000007e0100000| Complete 
|   2|0x00000007e0200000, 0x00000007e0200000, 0x00000007e0300000|  0%| F|  |TAMS 0x00000007e0200000| PB 0x00000007e0200000| Untracked 
|   3|0x00000007e0300000, 0x00000007e0300000, 0x00000007e0400000|  0%| F|  |TAMS 0x00000007e0300000| PB 0x00000007e0300000| Untracked 
|   4|0x00000007e0400000, 0x00000007e0400000, 0x00000007e0500000|  0%| F|  |TAMS 0x00000007e0400000| PB 0x00000007e0400000| Untracked 
|   5|0x00000007e0500000, 0x00000007e0500000, 0x00000007e0600000|  0%| F|  |TAMS 0x00000007e0500000| PB 0x00000007e0500000| Untracked 
|   6|0x00000007e0600000, 0x00000007e0600000, 0x00000007e0700000|  0%| F|  |TAMS 0x00000007e0600000| PB 0x00000007e0600000| Untracked 
|   7|0x00000007e0700000, 0x00000007e0700000, 0x00000007e0800000|  0%| F|  |TAMS 0x00000007e0700000| PB 0x00000007e0700000| Untracked 
|   8|0x00000007e0800000, 0x00000007e0800000, 0x00000007e0900000|  0%| F|  |TAMS 0x00000007e0800000| PB 0x00000007e0800000| Untracked 
|   9|0x00000007e0900000, 0x00000007e0900000, 0x00000007e0a00000|  0%| F|  |TAMS 0x00000007e0900000| PB 0x00000007e0900000| Untracked 
|  10|0x00000007e0a00000, 0x00000007e0a00000, 0x00000007e0b00000|  0%| F|  |TAMS 0x00000007e0a00000| PB 0x00000007e0a00000| Untracked 
|  11|0x00000007e0b00000, 0x00000007e0b00000, 0x00000007e0c00000|  0%| F|  |TAMS 0x00000007e0b00000| PB 0x00000007e0b00000| Untracked 
|  12|0x00000007e0c00000, 0x00000007e0c00000, 0x00000007e0d00000|  0%| F|  |TAMS 0x00000007e0c00000| PB 0x00000007e0c00000| Untracked 
|  13|0x00000007e0d00000, 0x00000007e0d00000, 0x00000007e0e00000|  0%| F|  |TAMS 0x00000007e0d00000| PB 0x00000007e0d00000| Untracked 
|  14|0x00000007e0e00000, 0x00000007e0e00000, 0x00000007e0f00000|  0%| F|  |TAMS 0x00000007e0e00000| PB 0x00000007e0e00000| Untracked 
|  15|0x00000007e0f00000, 0x00000007e0f00000, 0x00000007e1000000|  0%| F|  |TAMS 0x00000007e0f00000| PB 0x00000007e0f00000| Untracked 
|  16|0x00000007e1000000, 0x00000007e1000000, 0x00000007e1100000|  0%| F|  |TAMS 0x00000007e1000000| PB 0x00000007e1000000| Untracked 
|  17|0x00000007e1100000, 0x00000007e1100000, 0x00000007e1200000|  0%| F|  |TAMS 0x00000007e1100000| PB 0x00000007e1100000| Untracked 
|  18|0x00000007e1200000, 0x00000007e1200000, 0x00000007e1300000|  0%| F|  |TAMS 0x00000007e1200000| PB 0x00000007e1200000| Untracked 
|  19|0x00000007e1300000, 0x00000007e1300000, 0x00000007e1400000|  0%| F|  |TAMS 0x00000007e1300000| PB 0x00000007e1300000| Untracked 
|  20|0x00000007e1400000, 0x00000007e1400000, 0x00000007e1500000|  0%| F|  |TAMS 0x00000007e1400000| PB 0x00000007e1400000| Untracked 
|  21|0x00000007e1500000, 0x00000007e1500000, 0x00000007e1600000|  0%| F|  |TAMS 0x00000007e1500000| PB 0x00000007e1500000| Untracked 
|  22|0x00000007e1600000, 0x00000007e1600000, 0x00000007e1700000|  0%| F|  |TAMS 0x00000007e1600000| PB 0x00000007e1600000| Untracked 
|  23|0x00000007e1700000, 0x00000007e1700000, 0x00000007e1800000|  0%| F|  |TAMS 0x00000007e1700000| PB 0x00000007e1700000| Untracked 
|  24|0x00000007e1800000, 0x00000007e1800000, 0x00000007e1900000|  0%| F|  |TAMS 0x00000007e1800000| PB 0x00000007e1800000| Untracked 
|  25|0x00000007e1900000, 0x00000007e1900000, 0x00000007e1a00000|  0%| F|  |TAMS 0x00000007e1900000| PB 0x00000007e1900000| Untracked 
|  26|0x00000007e1a00000, 0x00000007e1a00000, 0x00000007e1b00000|  0%| F|  |TAMS 0x00000007e1a00000| PB 0x00000007e1a00000| Untracked 
|  27|0x00000007e1b00000, 0x00000007e1b00000, 0x00000007e1c00000|  0%| F|  |TAMS 0x00000007e1b00000| PB 0x00000007e1b00000| Untracked 
|  28|0x00000007e1c00000, 0x00000007e1c00000, 0x00000007e1d00000|  0%| F|  |TAMS 0x00000007e1c00000| PB 0x00000007e1c00000| Untracked 
|  29|0x00000007e1d00000, 0x00000007e1d00000, 0x00000007e1e00000|  0%| F|  |TAMS 0x00000007e1d00000| PB 0x00000007e1d00000| Untracked 
|  30|0x00000007e1e00000, 0x00000007e1e00000, 0x00000007e1f00000|  0%| F|  |TAMS 0x00000007e1e00000| PB 0x00000007e1e00000| Untracked 
|  31|0x00000007e1f00000, 0x00000007e1f00000, 0x00000007e2000000|  0%| F|  |TAMS 0x00000007e1f00000| PB 0x00000007e1f00000| Untracked 
|  32|0x00000007e2000000, 0x00000007e2000000, 0x00000007e2100000|  0%| F|  |TAMS 0x00000007e2000000| PB 0x00000007e2000000| Untracked 
|  33|0x00000007e2100000, 0x00000007e2100000, 0x00000007e2200000|  0%| F|  |TAMS 0x00000007e2100000| PB 0x00000007e2100000| Untracked 
|  34|0x00000007e2200000, 0x00000007e2200000, 0x00000007e2300000|  0%| F|  |TAMS 0x00000007e2200000| PB 0x00000007e2200000| Untracked 
|  35|0x00000007e2300000, 0x00000007e2300000, 0x00000007e2400000|  0%| F|  |TAMS 0x00000007e2300000| PB 0x00000007e2300000| Untracked 
|  36|0x00000007e2400000, 0x00000007e2400000, 0x00000007e2500000|  0%| F|  |TAMS 0x00000007e2400000| PB 0x00000007e2400000| Untracked 
|  37|0x00000007e2500000, 0x00000007e2500000, 0x00000007e2600000|  0%| F|  |TAMS 0x00000007e2500000| PB 0x00000007e2500000| Untracked 
|  38|0x00000007e2600000, 0x00000007e2600000, 0x00000007e2700000|  0%| F|  |TAMS 0x00000007e2600000| PB 0x00000007e2600000| Untracked 
|  39|0x00000007e2700000, 0x00000007e2700000, 0x00000007e2800000|  0%| F|  |TAMS 0x00000007e2700000| PB 0x00000007e2700000| Untracked 
|  40|0x00000007e2800000, 0x00000007e2800000, 0x00000007e2900000|  0%| F|  |TAMS 0x00000007e2800000| PB 0x00000007e2800000| Untracked 
|  41|0x00000007e2900000, 0x00000007e2900000, 0x00000007e2a00000|  0%| F|  |TAMS 0x00000007e2900000| PB 0x00000007e2900000| Untracked 
|  42|0x00000007e2a00000, 0x00000007e2a00000, 0x00000007e2b00000|  0%| F|  |TAMS 0x00000007e2a00000| PB 0x00000007e2a00000| Untracked 
|  43|0x00000007e2b00000, 0x00000007e2b00000, 0x00000007e2c00000|  0%| F|  |TAMS 0x00000007e2b00000| PB 0x00000007e2b00000| Untracked 
|  44|0x00000007e2c00000, 0x00000007e2c00000, 0x00000007e2d00000|  0%| F|  |TAMS 0x00000007e2c00000| PB 0x00000007e2c00000| Untracked 
|  45|0x00000007e2d00000, 0x00000007e2d00000, 0x00000007e2e00000|  0%| F|  |TAMS 0x00000007e2d00000| PB 0x00000007e2d00000| Untracked 
|  46|0x00000007e2e00000, 0x00000007e2e00000, 0x00000007e2f00000|  0%| F|  |TAMS 0x00000007e2e00000| PB 0x00000007e2e00000| Untracked 
|  47|0x00000007e2f00000, 0x00000007e2f00000, 0x00000007e3000000|  0%| F|  |TAMS 0x00000007e2f00000| PB 0x00000007e2f00000| Untracked 
|  48|0x00000007e3000000, 0x00000007e3000000, 0x00000007e3100000|  0%| F|  |TAMS 0x00000007e3000000| PB 0x00000007e3000000| Untracked 
|  49|0x00000007e3100000, 0x00000007e3100000, 0x00000007e3200000|  0%| F|  |TAMS 0x00000007e3100000| PB 0x00000007e3100000| Untracked 
|  50|0x00000007e3200000, 0x00000007e3200000, 0x00000007e3300000|  0%| F|  |TAMS 0x00000007e3200000| PB 0x00000007e3200000| Untracked 
|  51|0x00000007e3300000, 0x00000007e3300000, 0x00000007e3400000|  0%| F|  |TAMS 0x00000007e3300000| PB 0x00000007e3300000| Untracked 
|  52|0x00000007e3400000, 0x00000007e3400000, 0x00000007e3500000|  0%| F|  |TAMS 0x00000007e3400000| PB 0x00000007e3400000| Untracked 
|  53|0x00000007e3500000, 0x00000007e3500000, 0x00000007e3600000|  0%| F|  |TAMS 0x00000007e3500000| PB 0x00000007e3500000| Untracked 
|  54|0x00000007e3600000, 0x00000007e3600000, 0x00000007e3700000|  0%| F|  |TAMS 0x00000007e3600000| PB 0x00000007e3600000| Untracked 
|  55|0x00000007e3700000, 0x00000007e3700000, 0x00000007e3800000|  0%| F|  |TAMS 0x00000007e3700000| PB 0x00000007e3700000| Untracked 
|  56|0x00000007e3800000, 0x00000007e3800000, 0x00000007e3900000|  0%| F|  |TAMS 0x00000007e3800000| PB 0x00000007e3800000| Untracked 
|  57|0x00000007e3900000, 0x00000007e3900000, 0x00000007e3a00000|  0%| F|  |TAMS 0x00000007e3900000| PB 0x00000007e3900000| Untracked 
|  58|0x00000007e3a00000, 0x00000007e3a00000, 0x00000007e3b00000|  0%| F|  |TAMS 0x00000007e3a00000| PB 0x00000007e3a00000| Untracked 
|  59|0x00000007e3b00000, 0x00000007e3b00000, 0x00000007e3c00000|  0%| F|  |TAMS 0x00000007e3b00000| PB 0x00000007e3b00000| Untracked 
|  60|0x00000007e3c00000, 0x00000007e3c00000, 0x00000007e3d00000|  0%| F|  |TAMS 0x00000007e3c00000| PB 0x00000007e3c00000| Untracked 
|  61|0x00000007e3d00000, 0x00000007e3d00000, 0x00000007e3e00000|  0%| F|  |TAMS 0x00000007e3d00000| PB 0x00000007e3d00000| Untracked 
|  62|0x00000007e3e00000, 0x00000007e3e00000, 0x00000007e3f00000|  0%| F|  |TAMS 0x00000007e3e00000| PB 0x00000007e3e00000| Untracked 
|  63|0x00000007e3f00000, 0x00000007e3f00000, 0x00000007e4000000|  0%| F|  |TAMS 0x00000007e3f00000| PB 0x00000007e3f00000| Untracked 
|  64|0x00000007e4000000, 0x00000007e4000000, 0x00000007e4100000|  0%| F|  |TAMS 0x00000007e4000000| PB 0x00000007e4000000| Untracked 
|  65|0x00000007e4100000, 0x00000007e4100000, 0x00000007e4200000|  0%| F|  |TAMS 0x00000007e4100000| PB 0x00000007e4100000| Untracked 
|  66|0x00000007e4200000, 0x00000007e4200000, 0x00000007e4300000|  0%| F|  |TAMS 0x00000007e4200000| PB 0x00000007e4200000| Untracked 
|  67|0x00000007e4300000, 0x00000007e4300000, 0x00000007e4400000|  0%| F|  |TAMS 0x00000007e4300000| PB 0x00000007e4300000| Untracked 
|  68|0x00000007e4400000, 0x00000007e4400000, 0x00000007e4500000|  0%| F|  |TAMS 0x00000007e4400000| PB 0x00000007e4400000| Untracked 
|  69|0x00000007e4500000, 0x00000007e4500000, 0x00000007e4600000|  0%| F|  |TAMS 0x00000007e4500000| PB 0x00000007e4500000| Untracked 
|  70|0x00000007e4600000, 0x00000007e4600000, 0x00000007e4700000|  0%| F|  |TAMS 0x00000007e4600000| PB 0x00000007e4600000| Untracked 
|  71|0x00000007e4700000, 0x00000007e4700000, 0x00000007e4800000|  0%| F|  |TAMS 0x00000007e4700000| PB 0x00000007e4700000| Untracked 
|  72|0x00000007e4800000, 0x00000007e4800000, 0x00000007e4900000|  0%| F|  |TAMS 0x00000007e4800000| PB 0x00000007e4800000| Untracked 
|  73|0x00000007e4900000, 0x00000007e4900000, 0x00000007e4a00000|  0%| F|  |TAMS 0x00000007e4900000| PB 0x00000007e4900000| Untracked 
|  74|0x00000007e4a00000, 0x00000007e4a00000, 0x00000007e4b00000|  0%| F|  |TAMS 0x00000007e4a00000| PB 0x00000007e4a00000| Untracked 
|  75|0x00000007e4b00000, 0x00000007e4b00000, 0x00000007e4c00000|  0%| F|  |TAMS 0x00000007e4b00000| PB 0x00000007e4b00000| Untracked 
|  76|0x00000007e4c00000, 0x00000007e4c00000, 0x00000007e4d00000|  0%| F|  |TAMS 0x00000007e4c00000| PB 0x00000007e4c00000| Untracked 
|  77|0x00000007e4d00000, 0x00000007e4d00000, 0x00000007e4e00000|  0%| F|  |TAMS 0x00000007e4d00000| PB 0x00000007e4d00000| Untracked 
|  78|0x00000007e4e00000, 0x00000007e4e00000, 0x00000007e4f00000|  0%| F|  |TAMS 0x00000007e4e00000| PB 0x00000007e4e00000| Untracked 
|  79|0x00000007e4f00000, 0x00000007e4f00000, 0x00000007e5000000|  0%| F|  |TAMS 0x00000007e4f00000| PB 0x00000007e4f00000| Untracked 
|  80|0x00000007e5000000, 0x00000007e5000000, 0x00000007e5100000|  0%| F|  |TAMS 0x00000007e5000000| PB 0x00000007e5000000| Untracked 
|  81|0x00000007e5100000, 0x00000007e5100000, 0x00000007e5200000|  0%| F|  |TAMS 0x00000007e5100000| PB 0x00000007e5100000| Untracked 
|  82|0x00000007e5200000, 0x00000007e5200000, 0x00000007e5300000|  0%| F|  |TAMS 0x00000007e5200000| PB 0x00000007e5200000| Untracked 
|  83|0x00000007e5300000, 0x00000007e5300000, 0x00000007e5400000|  0%| F|  |TAMS 0x00000007e5300000| PB 0x00000007e5300000| Untracked 
|  84|0x00000007e5400000, 0x00000007e5400000, 0x00000007e5500000|  0%| F|  |TAMS 0x00000007e5400000| PB 0x00000007e5400000| Untracked 
|  85|0x00000007e5500000, 0x00000007e5500000, 0x00000007e5600000|  0%| F|  |TAMS 0x00000007e5500000| PB 0x00000007e5500000| Untracked 
|  86|0x00000007e5600000, 0x00000007e5600000, 0x00000007e5700000|  0%| F|  |TAMS 0x00000007e5600000| PB 0x00000007e5600000| Untracked 
|  87|0x00000007e5700000, 0x00000007e5700000, 0x00000007e5800000|  0%| F|  |TAMS 0x00000007e5700000| PB 0x00000007e5700000| Untracked 
|  88|0x00000007e5800000, 0x00000007e5800000, 0x00000007e5900000|  0%| F|  |TAMS 0x00000007e5800000| PB 0x00000007e5800000| Untracked 
|  89|0x00000007e5900000, 0x00000007e5900000, 0x00000007e5a00000|  0%| F|  |TAMS 0x00000007e5900000| PB 0x00000007e5900000| Untracked 
|  90|0x00000007e5a00000, 0x00000007e5a00000, 0x00000007e5b00000|  0%| F|  |TAMS 0x00000007e5a00000| PB 0x00000007e5a00000| Untracked 
|  91|0x00000007e5b00000, 0x00000007e5b00000, 0x00000007e5c00000|  0%| F|  |TAMS 0x00000007e5b00000| PB 0x00000007e5b00000| Untracked 
|  92|0x00000007e5c00000, 0x00000007e5c00000, 0x00000007e5d00000|  0%| F|  |TAMS 0x00000007e5c00000| PB 0x00000007e5c00000| Untracked 
|  93|0x00000007e5d00000, 0x00000007e5d00000, 0x00000007e5e00000|  0%| F|  |TAMS 0x00000007e5d00000| PB 0x00000007e5d00000| Untracked 
|  94|0x00000007e5e00000, 0x00000007e5e00000, 0x00000007e5f00000|  0%| F|  |TAMS 0x00000007e5e00000| PB 0x00000007e5e00000| Untracked 
|  95|0x00000007e5f00000, 0x00000007e5f00000, 0x00000007e6000000|  0%| F|  |TAMS 0x00000007e5f00000| PB 0x00000007e5f00000| Untracked 
|  96|0x00000007e6000000, 0x00000007e6000000, 0x00000007e6100000|  0%| F|  |TAMS 0x00000007e6000000| PB 0x00000007e6000000| Untracked 
|  97|0x00000007e6100000, 0x00000007e6100000, 0x00000007e6200000|  0%| F|  |TAMS 0x00000007e6100000| PB 0x00000007e6100000| Untracked 
|  98|0x00000007e6200000, 0x00000007e6200000, 0x00000007e6300000|  0%| F|  |TAMS 0x00000007e6200000| PB 0x00000007e6200000| Untracked 
|  99|0x00000007e6300000, 0x00000007e6300000, 0x00000007e6400000|  0%| F|  |TAMS 0x00000007e6300000| PB 0x00000007e6300000| Untracked 
| 100|0x00000007e6400000, 0x00000007e6400000, 0x00000007e6500000|  0%| F|  |TAMS 0x00000007e6400000| PB 0x00000007e6400000| Untracked 
| 101|0x00000007e6500000, 0x00000007e6500000, 0x00000007e6600000|  0%| F|  |TAMS 0x00000007e6500000| PB 0x00000007e6500000| Untracked 
| 102|0x00000007e6600000, 0x00000007e6600000, 0x00000007e6700000|  0%| F|  |TAMS 0x00000007e6600000| PB 0x00000007e6600000| Untracked 
| 103|0x00000007e6700000, 0x00000007e6700000, 0x00000007e6800000|  0%| F|  |TAMS 0x00000007e6700000| PB 0x00000007e6700000| Untracked 
| 104|0x00000007e6800000, 0x00000007e6800000, 0x00000007e6900000|  0%| F|  |TAMS 0x00000007e6800000| PB 0x00000007e6800000| Untracked 
| 105|0x00000007e6900000, 0x00000007e6900000, 0x00000007e6a00000|  0%| F|  |TAMS 0x00000007e6900000| PB 0x00000007e6900000| Untracked 
| 106|0x00000007e6a00000, 0x00000007e6a00000, 0x00000007e6b00000|  0%| F|  |TAMS 0x00000007e6a00000| PB 0x00000007e6a00000| Untracked 
| 107|0x00000007e6b00000, 0x00000007e6b00000, 0x00000007e6c00000|  0%| F|  |TAMS 0x00000007e6b00000| PB 0x00000007e6b00000| Untracked 
| 108|0x00000007e6c00000, 0x00000007e6c00000, 0x00000007e6d00000|  0%| F|  |TAMS 0x00000007e6c00000| PB 0x00000007e6c00000| Untracked 
| 109|0x00000007e6d00000, 0x00000007e6d00000, 0x00000007e6e00000|  0%| F|  |TAMS 0x00000007e6d00000| PB 0x00000007e6d00000| Untracked 
| 110|0x00000007e6e00000, 0x00000007e6e00000, 0x00000007e6f00000|  0%| F|  |TAMS 0x00000007e6e00000| PB 0x00000007e6e00000| Untracked 
| 111|0x00000007e6f00000, 0x00000007e6f00000, 0x00000007e7000000|  0%| F|  |TAMS 0x00000007e6f00000| PB 0x00000007e6f00000| Untracked 
| 112|0x00000007e7000000, 0x00000007e7000000, 0x00000007e7100000|  0%| F|  |TAMS 0x00000007e7000000| PB 0x00000007e7000000| Untracked 
| 113|0x00000007e7100000, 0x00000007e7100000, 0x00000007e7200000|  0%| F|  |TAMS 0x00000007e7100000| PB 0x00000007e7100000| Untracked 
| 114|0x00000007e7200000, 0x00000007e7200000, 0x00000007e7300000|  0%| F|  |TAMS 0x00000007e7200000| PB 0x00000007e7200000| Untracked 
| 115|0x00000007e7300000, 0x00000007e7300000, 0x00000007e7400000|  0%| F|  |TAMS 0x00000007e7300000| PB 0x00000007e7300000| Untracked 
| 116|0x00000007e7400000, 0x00000007e7400000, 0x00000007e7500000|  0%| F|  |TAMS 0x00000007e7400000| PB 0x00000007e7400000| Untracked 
| 117|0x00000007e7500000, 0x00000007e7500000, 0x00000007e7600000|  0%| F|  |TAMS 0x00000007e7500000| PB 0x00000007e7500000| Untracked 
| 118|0x00000007e7600000, 0x00000007e7600000, 0x00000007e7700000|  0%| F|  |TAMS 0x00000007e7600000| PB 0x00000007e7600000| Untracked 
| 119|0x00000007e7700000, 0x00000007e7700000, 0x00000007e7800000|  0%| F|  |TAMS 0x00000007e7700000| PB 0x00000007e7700000| Untracked 
| 120|0x00000007e7800000, 0x00000007e7800000, 0x00000007e7900000|  0%| F|  |TAMS 0x00000007e7800000| PB 0x00000007e7800000| Untracked 
| 121|0x00000007e7900000, 0x00000007e7900000, 0x00000007e7a00000|  0%| F|  |TAMS 0x00000007e7900000| PB 0x00000007e7900000| Untracked 
| 122|0x00000007e7a00000, 0x00000007e7a00000, 0x00000007e7b00000|  0%| F|  |TAMS 0x00000007e7a00000| PB 0x00000007e7a00000| Untracked 
| 123|0x00000007e7b00000, 0x00000007e7b00000, 0x00000007e7c00000|  0%| F|  |TAMS 0x00000007e7b00000| PB 0x00000007e7b00000| Untracked 
| 124|0x00000007e7c00000, 0x00000007e7c00000, 0x00000007e7d00000|  0%| F|  |TAMS 0x00000007e7c00000| PB 0x00000007e7c00000| Untracked 
| 125|0x00000007e7d00000, 0x00000007e7d00000, 0x00000007e7e00000|  0%| F|  |TAMS 0x00000007e7d00000| PB 0x00000007e7d00000| Untracked 
| 126|0x00000007e7e00000, 0x00000007e7e00000, 0x00000007e7f00000|  0%| F|  |TAMS 0x00000007e7e00000| PB 0x00000007e7e00000| Untracked 
| 127|0x00000007e7f00000, 0x00000007e7f00000, 0x00000007e8000000|  0%| F|  |TAMS 0x00000007e7f00000| PB 0x00000007e7f00000| Untracked 
| 128|0x00000007e8000000, 0x00000007e8000000, 0x00000007e8100000|  0%| F|  |TAMS 0x00000007e8000000| PB 0x00000007e8000000| Untracked 
| 129|0x00000007e8100000, 0x00000007e8100000, 0x00000007e8200000|  0%| F|  |TAMS 0x00000007e8100000| PB 0x00000007e8100000| Untracked 
| 130|0x00000007e8200000, 0x00000007e8200000, 0x00000007e8300000|  0%| F|  |TAMS 0x00000007e8200000| PB 0x00000007e8200000| Untracked 
| 131|0x00000007e8300000, 0x00000007e8300000, 0x00000007e8400000|  0%| F|  |TAMS 0x00000007e8300000| PB 0x00000007e8300000| Untracked 
| 132|0x00000007e8400000, 0x00000007e8400000, 0x00000007e8500000|  0%| F|  |TAMS 0x00000007e8400000| PB 0x00000007e8400000| Untracked 
| 133|0x00000007e8500000, 0x00000007e8500000, 0x00000007e8600000|  0%| F|  |TAMS 0x00000007e8500000| PB 0x00000007e8500000| Untracked 
| 134|0x00000007e8600000, 0x00000007e8600000, 0x00000007e8700000|  0%| F|  |TAMS 0x00000007e8600000| PB 0x00000007e8600000| Untracked 
| 135|0x00000007e8700000, 0x00000007e8700000, 0x00000007e8800000|  0%| F|  |TAMS 0x00000007e8700000| PB 0x00000007e8700000| Untracked 
| 136|0x00000007e8800000, 0x00000007e8800000, 0x00000007e8900000|  0%| F|  |TAMS 0x00000007e8800000| PB 0x00000007e8800000| Untracked 
| 137|0x00000007e8900000, 0x00000007e8900000, 0x00000007e8a00000|  0%| F|  |TAMS 0x00000007e8900000| PB 0x00000007e8900000| Untracked 
| 138|0x00000007e8a00000, 0x00000007e8a00000, 0x00000007e8b00000|  0%| F|  |TAMS 0x00000007e8a00000| PB 0x00000007e8a00000| Untracked 
| 139|0x00000007e8b00000, 0x00000007e8b00000, 0x00000007e8c00000|  0%| F|  |TAMS 0x00000007e8b00000| PB 0x00000007e8b00000| Untracked 
| 140|0x00000007e8c00000, 0x00000007e8c00000, 0x00000007e8d00000|  0%| F|  |TAMS 0x00000007e8c00000| PB 0x00000007e8c00000| Untracked 
| 141|0x00000007e8d00000, 0x00000007e8d00000, 0x00000007e8e00000|  0%| F|  |TAMS 0x00000007e8d00000| PB 0x00000007e8d00000| Untracked 
| 142|0x00000007e8e00000, 0x00000007e8e00000, 0x00000007e8f00000|  0%| F|  |TAMS 0x00000007e8e00000| PB 0x00000007e8e00000| Untracked 
| 143|0x00000007e8f00000, 0x00000007e8f00000, 0x00000007e9000000|  0%| F|  |TAMS 0x00000007e8f00000| PB 0x00000007e8f00000| Untracked 
| 144|0x00000007e9000000, 0x00000007e9000000, 0x00000007e9100000|  0%| F|  |TAMS 0x00000007e9000000| PB 0x00000007e9000000| Untracked 
| 145|0x00000007e9100000, 0x00000007e9100000, 0x00000007e9200000|  0%| F|  |TAMS 0x00000007e9100000| PB 0x00000007e9100000| Untracked 
| 146|0x00000007e9200000, 0x00000007e9200000, 0x00000007e9300000|  0%| F|  |TAMS 0x00000007e9200000| PB 0x00000007e9200000| Untracked 
| 147|0x00000007e9300000, 0x00000007e9300000, 0x00000007e9400000|  0%| F|  |TAMS 0x00000007e9300000| PB 0x00000007e9300000| Untracked 
| 148|0x00000007e9400000, 0x00000007e9400000, 0x00000007e9500000|  0%| F|  |TAMS 0x00000007e9400000| PB 0x00000007e9400000| Untracked 
| 149|0x00000007e9500000, 0x00000007e9500000, 0x00000007e9600000|  0%| F|  |TAMS 0x00000007e9500000| PB 0x00000007e9500000| Untracked 
| 150|0x00000007e9600000, 0x00000007e9600000, 0x00000007e9700000|  0%| F|  |TAMS 0x00000007e9600000| PB 0x00000007e9600000| Untracked 
| 151|0x00000007e9700000, 0x00000007e9700000, 0x00000007e9800000|  0%| F|  |TAMS 0x00000007e9700000| PB 0x00000007e9700000| Untracked 
| 152|0x00000007e9800000, 0x00000007e9800000, 0x00000007e9900000|  0%| F|  |TAMS 0x00000007e9800000| PB 0x00000007e9800000| Untracked 
| 153|0x00000007e9900000, 0x00000007e9900000, 0x00000007e9a00000|  0%| F|  |TAMS 0x00000007e9900000| PB 0x00000007e9900000| Untracked 
| 154|0x00000007e9a00000, 0x00000007e9a00000, 0x00000007e9b00000|  0%| F|  |TAMS 0x00000007e9a00000| PB 0x00000007e9a00000| Untracked 
| 155|0x00000007e9b00000, 0x00000007e9b00000, 0x00000007e9c00000|  0%| F|  |TAMS 0x00000007e9b00000| PB 0x00000007e9b00000| Untracked 
| 156|0x00000007e9c00000, 0x00000007e9c00000, 0x00000007e9d00000|  0%| F|  |TAMS 0x00000007e9c00000| PB 0x00000007e9c00000| Untracked 
| 157|0x00000007e9d00000, 0x00000007e9d00000, 0x00000007e9e00000|  0%| F|  |TAMS 0x00000007e9d00000| PB 0x00000007e9d00000| Untracked 
| 158|0x00000007e9e00000, 0x00000007e9e00000, 0x00000007e9f00000|  0%| F|  |TAMS 0x00000007e9e00000| PB 0x00000007e9e00000| Untracked 
| 159|0x00000007e9f00000, 0x00000007e9f00000, 0x00000007ea000000|  0%| F|  |TAMS 0x00000007e9f00000| PB 0x00000007e9f00000| Untracked 
| 160|0x00000007ea000000, 0x00000007ea000000, 0x00000007ea100000|  0%| F|  |TAMS 0x00000007ea000000| PB 0x00000007ea000000| Untracked 
| 161|0x00000007ea100000, 0x00000007ea100000, 0x00000007ea200000|  0%| F|  |TAMS 0x00000007ea100000| PB 0x00000007ea100000| Untracked 
| 162|0x00000007ea200000, 0x00000007ea200000, 0x00000007ea300000|  0%| F|  |TAMS 0x00000007ea200000| PB 0x00000007ea200000| Untracked 
| 163|0x00000007ea300000, 0x00000007ea300000, 0x00000007ea400000|  0%| F|  |TAMS 0x00000007ea300000| PB 0x00000007ea300000| Untracked 
| 164|0x00000007ea400000, 0x00000007ea400000, 0x00000007ea500000|  0%| F|  |TAMS 0x00000007ea400000| PB 0x00000007ea400000| Untracked 
| 165|0x00000007ea500000, 0x00000007ea500000, 0x00000007ea600000|  0%| F|  |TAMS 0x00000007ea500000| PB 0x00000007ea500000| Untracked 
| 166|0x00000007ea600000, 0x00000007ea600000, 0x00000007ea700000|  0%| F|  |TAMS 0x00000007ea600000| PB 0x00000007ea600000| Untracked 
| 167|0x00000007ea700000, 0x00000007ea700000, 0x00000007ea800000|  0%| F|  |TAMS 0x00000007ea700000| PB 0x00000007ea700000| Untracked 
| 168|0x00000007ea800000, 0x00000007ea800000, 0x00000007ea900000|  0%| F|  |TAMS 0x00000007ea800000| PB 0x00000007ea800000| Untracked 
| 169|0x00000007ea900000, 0x00000007ea900000, 0x00000007eaa00000|  0%| F|  |TAMS 0x00000007ea900000| PB 0x00000007ea900000| Untracked 
| 170|0x00000007eaa00000, 0x00000007eaa00000, 0x00000007eab00000|  0%| F|  |TAMS 0x00000007eaa00000| PB 0x00000007eaa00000| Untracked 
| 171|0x00000007eab00000, 0x00000007eab00000, 0x00000007eac00000|  0%| F|  |TAMS 0x00000007eab00000| PB 0x00000007eab00000| Untracked 
| 172|0x00000007eac00000, 0x00000007eac00000, 0x00000007ead00000|  0%| F|  |TAMS 0x00000007eac00000| PB 0x00000007eac00000| Untracked 
| 173|0x00000007ead00000, 0x00000007ead00000, 0x00000007eae00000|  0%| F|  |TAMS 0x00000007ead00000| PB 0x00000007ead00000| Untracked 
| 174|0x00000007eae00000, 0x00000007eae00000, 0x00000007eaf00000|  0%| F|  |TAMS 0x00000007eae00000| PB 0x00000007eae00000| Untracked 
| 175|0x00000007eaf00000, 0x00000007eaf00000, 0x00000007eb000000|  0%| F|  |TAMS 0x00000007eaf00000| PB 0x00000007eaf00000| Untracked 
| 176|0x00000007eb000000, 0x00000007eb000000, 0x00000007eb100000|  0%| F|  |TAMS 0x00000007eb000000| PB 0x00000007eb000000| Untracked 
| 177|0x00000007eb100000, 0x00000007eb100000, 0x00000007eb200000|  0%| F|  |TAMS 0x00000007eb100000| PB 0x00000007eb100000| Untracked 
| 178|0x00000007eb200000, 0x00000007eb200000, 0x00000007eb300000|  0%| F|  |TAMS 0x00000007eb200000| PB 0x00000007eb200000| Untracked 
| 179|0x00000007eb300000, 0x00000007eb300000, 0x00000007eb400000|  0%| F|  |TAMS 0x00000007eb300000| PB 0x00000007eb300000| Untracked 
| 180|0x00000007eb400000, 0x00000007eb400000, 0x00000007eb500000|  0%| F|  |TAMS 0x00000007eb400000| PB 0x00000007eb400000| Untracked 
| 181|0x00000007eb500000, 0x00000007eb500000, 0x00000007eb600000|  0%| F|  |TAMS 0x00000007eb500000| PB 0x00000007eb500000| Untracked 
| 182|0x00000007eb600000, 0x00000007eb600000, 0x00000007eb700000|  0%| F|  |TAMS 0x00000007eb600000| PB 0x00000007eb600000| Untracked 
| 183|0x00000007eb700000, 0x00000007eb700000, 0x00000007eb800000|  0%| F|  |TAMS 0x00000007eb700000| PB 0x00000007eb700000| Untracked 
| 184|0x00000007eb800000, 0x00000007eb800000, 0x00000007eb900000|  0%| F|  |TAMS 0x00000007eb800000| PB 0x00000007eb800000| Untracked 
| 185|0x00000007eb900000, 0x00000007eb900000, 0x00000007eba00000|  0%| F|  |TAMS 0x00000007eb900000| PB 0x00000007eb900000| Untracked 
| 186|0x00000007eba00000, 0x00000007eba00000, 0x00000007ebb00000|  0%| F|  |TAMS 0x00000007eba00000| PB 0x00000007eba00000| Untracked 
| 187|0x00000007ebb00000, 0x00000007ebb00000, 0x00000007ebc00000|  0%| F|  |TAMS 0x00000007ebb00000| PB 0x00000007ebb00000| Untracked 
| 188|0x00000007ebc00000, 0x00000007ebc00000, 0x00000007ebd00000|  0%| F|  |TAMS 0x00000007ebc00000| PB 0x00000007ebc00000| Untracked 
| 189|0x00000007ebd00000, 0x00000007ebd00000, 0x00000007ebe00000|  0%| F|  |TAMS 0x00000007ebd00000| PB 0x00000007ebd00000| Untracked 
| 190|0x00000007ebe00000, 0x00000007ebe00000, 0x00000007ebf00000|  0%| F|  |TAMS 0x00000007ebe00000| PB 0x00000007ebe00000| Untracked 
| 191|0x00000007ebf00000, 0x00000007ebf00000, 0x00000007ec000000|  0%| F|  |TAMS 0x00000007ebf00000| PB 0x00000007ebf00000| Untracked 
| 192|0x00000007ec000000, 0x00000007ec000000, 0x00000007ec100000|  0%| F|  |TAMS 0x00000007ec000000| PB 0x00000007ec000000| Untracked 
| 193|0x00000007ec100000, 0x00000007ec100000, 0x00000007ec200000|  0%| F|  |TAMS 0x00000007ec100000| PB 0x00000007ec100000| Untracked 
| 194|0x00000007ec200000, 0x00000007ec200000, 0x00000007ec300000|  0%| F|  |TAMS 0x00000007ec200000| PB 0x00000007ec200000| Untracked 
| 195|0x00000007ec300000, 0x00000007ec300000, 0x00000007ec400000|  0%| F|  |TAMS 0x00000007ec300000| PB 0x00000007ec300000| Untracked 
| 196|0x00000007ec400000, 0x00000007ec400000, 0x00000007ec500000|  0%| F|  |TAMS 0x00000007ec400000| PB 0x00000007ec400000| Untracked 
| 197|0x00000007ec500000, 0x00000007ec500000, 0x00000007ec600000|  0%| F|  |TAMS 0x00000007ec500000| PB 0x00000007ec500000| Untracked 
| 198|0x00000007ec600000, 0x00000007ec600000, 0x00000007ec700000|  0%| F|  |TAMS 0x00000007ec600000| PB 0x00000007ec600000| Untracked 
| 199|0x00000007ec700000, 0x00000007ec700000, 0x00000007ec800000|  0%| F|  |TAMS 0x00000007ec700000| PB 0x00000007ec700000| Untracked 
| 200|0x00000007ec800000, 0x00000007ec800000, 0x00000007ec900000|  0%| F|  |TAMS 0x00000007ec800000| PB 0x00000007ec800000| Untracked 
| 201|0x00000007ec900000, 0x00000007ec900000, 0x00000007eca00000|  0%| F|  |TAMS 0x00000007ec900000| PB 0x00000007ec900000| Untracked 
| 202|0x00000007eca00000, 0x00000007eca00000, 0x00000007ecb00000|  0%| F|  |TAMS 0x00000007eca00000| PB 0x00000007eca00000| Untracked 
| 203|0x00000007ecb00000, 0x00000007ecb00000, 0x00000007ecc00000|  0%| F|  |TAMS 0x00000007ecb00000| PB 0x00000007ecb00000| Untracked 
| 204|0x00000007ecc00000, 0x00000007ecc00000, 0x00000007ecd00000|  0%| F|  |TAMS 0x00000007ecc00000| PB 0x00000007ecc00000| Untracked 
| 205|0x00000007ecd00000, 0x00000007ecd00000, 0x00000007ece00000|  0%| F|  |TAMS 0x00000007ecd00000| PB 0x00000007ecd00000| Untracked 
| 206|0x00000007ece00000, 0x00000007ece00000, 0x00000007ecf00000|  0%| F|  |TAMS 0x00000007ece00000| PB 0x00000007ece00000| Untracked 
| 207|0x00000007ecf00000, 0x00000007ecf00000, 0x00000007ed000000|  0%| F|  |TAMS 0x00000007ecf00000| PB 0x00000007ecf00000| Untracked 
| 208|0x00000007ed000000, 0x00000007ed000000, 0x00000007ed100000|  0%| F|  |TAMS 0x00000007ed000000| PB 0x00000007ed000000| Untracked 
| 209|0x00000007ed100000, 0x00000007ed100000, 0x00000007ed200000|  0%| F|  |TAMS 0x00000007ed100000| PB 0x00000007ed100000| Untracked 
| 210|0x00000007ed200000, 0x00000007ed200000, 0x00000007ed300000|  0%| F|  |TAMS 0x00000007ed200000| PB 0x00000007ed200000| Untracked 
| 211|0x00000007ed300000, 0x00000007ed300000, 0x00000007ed400000|  0%| F|  |TAMS 0x00000007ed300000| PB 0x00000007ed300000| Untracked 
| 212|0x00000007ed400000, 0x00000007ed400000, 0x00000007ed500000|  0%| F|  |TAMS 0x00000007ed400000| PB 0x00000007ed400000| Untracked 
| 213|0x00000007ed500000, 0x00000007ed500000, 0x00000007ed600000|  0%| F|  |TAMS 0x00000007ed500000| PB 0x00000007ed500000| Untracked 
| 214|0x00000007ed600000, 0x00000007ed600000, 0x00000007ed700000|  0%| F|  |TAMS 0x00000007ed600000| PB 0x00000007ed600000| Untracked 
| 215|0x00000007ed700000, 0x00000007ed700000, 0x00000007ed800000|  0%| F|  |TAMS 0x00000007ed700000| PB 0x00000007ed700000| Untracked 
| 216|0x00000007ed800000, 0x00000007ed800000, 0x00000007ed900000|  0%| F|  |TAMS 0x00000007ed800000| PB 0x00000007ed800000| Untracked 
| 217|0x00000007ed900000, 0x00000007ed900000, 0x00000007eda00000|  0%| F|  |TAMS 0x00000007ed900000| PB 0x00000007ed900000| Untracked 
| 218|0x00000007eda00000, 0x00000007eda00000, 0x00000007edb00000|  0%| F|  |TAMS 0x00000007eda00000| PB 0x00000007eda00000| Untracked 
| 219|0x00000007edb00000, 0x00000007edb00000, 0x00000007edc00000|  0%| F|  |TAMS 0x00000007edb00000| PB 0x00000007edb00000| Untracked 
| 220|0x00000007edc00000, 0x00000007edc00000, 0x00000007edd00000|  0%| F|  |TAMS 0x00000007edc00000| PB 0x00000007edc00000| Untracked 
| 221|0x00000007edd00000, 0x00000007edd00000, 0x00000007ede00000|  0%| F|  |TAMS 0x00000007edd00000| PB 0x00000007edd00000| Untracked 
| 222|0x00000007ede00000, 0x00000007ede00000, 0x00000007edf00000|  0%| F|  |TAMS 0x00000007ede00000| PB 0x00000007ede00000| Untracked 
| 223|0x00000007edf00000, 0x00000007edf00000, 0x00000007ee000000|  0%| F|  |TAMS 0x00000007edf00000| PB 0x00000007edf00000| Untracked 
| 224|0x00000007ee000000, 0x00000007ee000000, 0x00000007ee100000|  0%| F|  |TAMS 0x00000007ee000000| PB 0x00000007ee000000| Untracked 
| 225|0x00000007ee100000, 0x00000007ee100000, 0x00000007ee200000|  0%| F|  |TAMS 0x00000007ee100000| PB 0x00000007ee100000| Untracked 
| 226|0x00000007ee200000, 0x00000007ee200000, 0x00000007ee300000|  0%| F|  |TAMS 0x00000007ee200000| PB 0x00000007ee200000| Untracked 
| 227|0x00000007ee300000, 0x00000007ee300000, 0x00000007ee400000|  0%| F|  |TAMS 0x00000007ee300000| PB 0x00000007ee300000| Untracked 
| 228|0x00000007ee400000, 0x00000007ee400000, 0x00000007ee500000|  0%| F|  |TAMS 0x00000007ee400000| PB 0x00000007ee400000| Untracked 
| 229|0x00000007ee500000, 0x00000007ee500000, 0x00000007ee600000|  0%| F|  |TAMS 0x00000007ee500000| PB 0x00000007ee500000| Untracked 
| 230|0x00000007ee600000, 0x00000007ee700000, 0x00000007ee700000|100%| S|CS|TAMS 0x00000007ee600000| PB 0x00000007ee600000| Complete 
| 231|0x00000007ee700000, 0x00000007ee800000, 0x00000007ee800000|100%| S|CS|TAMS 0x00000007ee700000| PB 0x00000007ee700000| Complete 
| 232|0x00000007ee800000, 0x00000007ee900000, 0x00000007ee900000|100%| S|CS|TAMS 0x00000007ee800000| PB 0x00000007ee800000| Complete 
| 233|0x00000007ee900000, 0x00000007ee900000, 0x00000007eea00000|  0%| F|  |TAMS 0x00000007ee900000| PB 0x00000007ee900000| Untracked 
| 234|0x00000007eea00000, 0x00000007eea00000, 0x00000007eeb00000|  0%| F|  |TAMS 0x00000007eea00000| PB 0x00000007eea00000| Untracked 
| 235|0x00000007eeb00000, 0x00000007eeb00000, 0x00000007eec00000|  0%| F|  |TAMS 0x00000007eeb00000| PB 0x00000007eeb00000| Untracked 
| 236|0x00000007eec00000, 0x00000007eec00000, 0x00000007eed00000|  0%| F|  |TAMS 0x00000007eec00000| PB 0x00000007eec00000| Untracked 
| 237|0x00000007eed00000, 0x00000007eed00000, 0x00000007eee00000|  0%| F|  |TAMS 0x00000007eed00000| PB 0x00000007eed00000| Untracked 
| 238|0x00000007eee00000, 0x00000007eee00000, 0x00000007eef00000|  0%| F|  |TAMS 0x00000007eee00000| PB 0x00000007eee00000| Untracked 
| 239|0x00000007eef00000, 0x00000007eef00000, 0x00000007ef000000|  0%| F|  |TAMS 0x00000007eef00000| PB 0x00000007eef00000| Untracked 
| 240|0x00000007ef000000, 0x00000007ef000000, 0x00000007ef100000|  0%| F|  |TAMS 0x00000007ef000000| PB 0x00000007ef000000| Untracked 
| 241|0x00000007ef100000, 0x00000007ef100000, 0x00000007ef200000|  0%| F|  |TAMS 0x00000007ef100000| PB 0x00000007ef100000| Untracked 
| 242|0x00000007ef200000, 0x00000007ef200000, 0x00000007ef300000|  0%| F|  |TAMS 0x00000007ef200000| PB 0x00000007ef200000| Untracked 
| 243|0x00000007ef300000, 0x00000007ef300000, 0x00000007ef400000|  0%| F|  |TAMS 0x00000007ef300000| PB 0x00000007ef300000| Untracked 
| 244|0x00000007ef400000, 0x00000007ef400000, 0x00000007ef500000|  0%| F|  |TAMS 0x00000007ef400000| PB 0x00000007ef400000| Untracked 
| 245|0x00000007ef500000, 0x00000007ef500000, 0x00000007ef600000|  0%| F|  |TAMS 0x00000007ef500000| PB 0x00000007ef500000| Untracked 
| 246|0x00000007ef600000, 0x00000007ef600000, 0x00000007ef700000|  0%| F|  |TAMS 0x00000007ef600000| PB 0x00000007ef600000| Untracked 
| 247|0x00000007ef700000, 0x00000007ef700000, 0x00000007ef800000|  0%| F|  |TAMS 0x00000007ef700000| PB 0x00000007ef700000| Untracked 
| 248|0x00000007ef800000, 0x00000007ef800000, 0x00000007ef900000|  0%| F|  |TAMS 0x00000007ef800000| PB 0x00000007ef800000| Untracked 
| 249|0x00000007ef900000, 0x00000007ef900000, 0x00000007efa00000|  0%| F|  |TAMS 0x00000007ef900000| PB 0x00000007ef900000| Untracked 
| 250|0x00000007efa00000, 0x00000007efa00000, 0x00000007efb00000|  0%| F|  |TAMS 0x00000007efa00000| PB 0x00000007efa00000| Untracked 
| 251|0x00000007efb00000, 0x00000007efbbdec8, 0x00000007efc00000| 74%| E|  |TAMS 0x00000007efb00000| PB 0x00000007efb00000| Complete 
| 252|0x00000007efc00000, 0x00000007efd00000, 0x00000007efd00000|100%| E|CS|TAMS 0x00000007efc00000| PB 0x00000007efc00000| Complete 
| 253|0x00000007efd00000, 0x00000007efe00000, 0x00000007efe00000|100%| E|CS|TAMS 0x00000007efd00000| PB 0x00000007efd00000| Complete 
| 254|0x00000007efe00000, 0x00000007eff00000, 0x00000007eff00000|100%| E|CS|TAMS 0x00000007efe00000| PB 0x00000007efe00000| Complete 
| 255|0x00000007eff00000, 0x00000007f0000000, 0x00000007f0000000|100%| E|CS|TAMS 0x00000007eff00000| PB 0x00000007eff00000| Complete 
| 510|0x00000007ffe00000, 0x00000007fff00000, 0x00000007fff00000|100%| O|  |TAMS 0x00000007ffe00000| PB 0x00000007ffe00000| Untracked 
| 511|0x00000007fff00000, 0x00000007fff0acb8, 0x0000000800000000|  4%| O|  |TAMS 0x00000007fff00000| PB 0x00000007fff00000| Untracked 

Card table byte_map: [0x0000000101284000,0x0000000101384000] _byte_map_base: 0x00000000fd384000

Marking Bits: (CMBitMap*) 0x0000000130008210
 Bits: [0x0000000105800000, 0x0000000106000000)

Polling page: 0x0000000100e50000

Metaspace:

Usage:
  Non-class:      8.24 MB used.
      Class:   1013.79 KB used.
       Both:      9.23 MB used.

Virtual space:
  Non-class space:       64.00 MB reserved,       8.38 MB ( 13%) committed,  1 nodes.
      Class space:        1.00 GB reserved,       1.12 MB ( <1%) committed,  1 nodes.
             Both:        1.06 GB reserved,       9.50 MB ( <1%) committed. 

Chunk freelists:
   Non-Class:  7.08 MB
       Class:  14.79 MB
        Both:  21.87 MB

MaxMetaspaceSize: unlimited
CompressedClassSpaceSize: 1.00 GB
Initial GC threshold: 21.00 MB
Current GC threshold: 21.00 MB
CDS: on
 - commit_granule_bytes: 65536.
 - commit_granule_words: 8192.
 - virtual_space_node_default_size: 8388608.
 - enlarge_chunks_in_place: 1.
 - use_allocation_guard: 0.


Internal statistics:

num_allocs_failed_limit: 0.
num_arena_births: 212.
num_arena_deaths: 0.
num_vsnodes_births: 2.
num_vsnodes_deaths: 0.
num_space_committed: 152.
num_space_uncommitted: 0.
num_chunks_returned_to_freelist: 0.
num_chunks_taken_from_freelist: 484.
num_chunk_merges: 0.
num_chunk_splits: 321.
num_chunks_enlarged: 221.
num_inconsistent_stats: 0.

CodeHeap 'non-profiled nmethods': size=120032Kb used=447Kb max_used=447Kb free=119584Kb
 bounds [0x00000001177c8000, 0x0000000117a38000, 0x000000011ed00000]
CodeHeap 'profiled nmethods': size=120016Kb used=2512Kb max_used=2512Kb free=117503Kb
 bounds [0x000000010fd00000, 0x000000010ff80000, 0x0000000117234000]
CodeHeap 'non-nmethods': size=5712Kb used=1358Kb max_used=1367Kb free=4353Kb
 bounds [0x0000000117234000, 0x00000001174a4000, 0x00000001177c8000]
 total_blobs=1836 nmethods=1313 adapters=432
 compilation: enabled
              stopped_count=0, restarted_count=0
 full_count=0

Compilation events (20 events):
Event: 1.479 Thread 0x0000000125008200 1316       3       java.lang.invoke.LambdaFormBuffer::ownedCount (7 bytes)
Event: 1.480 Thread 0x0000000125008200 nmethod 1316 0x000000010ff6fa90 code [0x000000010ff6fc00, 0x000000010ff6fd20]
Event: 1.480 Thread 0x0000000125008200 1307       3       sun.invoke.util.Wrapper::isSubwordOrInt (20 bytes)
Event: 1.480 Thread 0x00000001400b6200 1315       4       jdk.internal.org.objectweb.asm.ByteVector::putShort (52 bytes)
Event: 1.480 Thread 0x0000000125008200 nmethod 1307 0x000000010ff6fd90 code [0x000000010ff6ff80, 0x000000010ff70370]
Event: 1.480 Thread 0x0000000125008200 1308       3       sun.invoke.util.Wrapper::isIntegral (23 bytes)
Event: 1.480 Thread 0x0000000125008200 nmethod 1308 0x000000010ff70490 code [0x000000010ff70640, 0x000000010ff70898]
Event: 1.480 Thread 0x0000000125008200 1309       3       sun.invoke.util.Wrapper::isNumeric (16 bytes)
Event: 1.480 Thread 0x0000000125008200 nmethod 1309 0x000000010ff70990 code [0x000000010ff70b40, 0x000000010ff70cb0]
Event: 1.480 Thread 0x0000000125008200 1323       3       jdk.internal.org.objectweb.asm.MethodWriter::visitFrameStart (55 bytes)
Event: 1.480 Thread 0x0000000125008200 nmethod 1323 0x000000010ff70d90 code [0x000000010ff70f40, 0x000000010ff71248]
Event: 1.480 Thread 0x0000000125008200 1329       3       java.lang.invoke.LambdaForm$Name::replaceNames (175 bytes)
Event: 1.480 Thread 0x0000000125008200 nmethod 1329 0x000000010ff71390 code [0x000000010ff71600, 0x000000010ff72200]
Event: 1.480 Thread 0x0000000125008200 1324       3       jdk.internal.org.objectweb.asm.MethodWriter::visitFrameEnd (53 bytes)
Event: 1.481 Thread 0x0000000125008200 nmethod 1324 0x000000010ff72510 code [0x000000010ff72700, 0x000000010ff72bc0]
Event: 1.481 Thread 0x0000000125008200 1306       3       java.lang.Integer::valueOf (32 bytes)
Event: 1.481 Thread 0x0000000125008200 nmethod 1306 0x000000010ff72d10 code [0x000000010ff72ec0, 0x000000010ff731a0]
Event: 1.481 Thread 0x00000001400b6200 nmethod 1315 0x0000000117837890 code [0x0000000117837a40, 0x0000000117837b90]
Event: 1.481 Thread 0x0000000125008200 1332       3       jdk.internal.org.objectweb.asm.Type::getDescriptor (93 bytes)
Event: 1.482 Thread 0x0000000125008200 nmethod 1332 0x000000010ff73310 code [0x000000010ff735c0, 0x000000010ff73d78]

GC Heap History (2 events):
Event: 0.937 GC heap before
{Heap before GC invocations=0 (full 0):
 garbage-first heap   total 264192K, used 23595K [0x00000007e0000000, 0x0000000800000000)
  region size 1024K, 23 young (23552K), 0 survivors (0K)
 Metaspace       used 7750K, committed 8000K, reserved 1114112K
  class space    used 916K, committed 1024K, reserved 1048576K
}
Event: 0.953 GC heap after
{Heap after GC invocations=1 (full 0):
 garbage-first heap   total 264192K, used 4636K [0x00000007e0000000, 0x0000000800000000)
  region size 1024K, 3 young (3072K), 3 survivors (3072K)
 Metaspace       used 7750K, committed 8000K, reserved 1114112K
  class space    used 916K, committed 1024K, reserved 1048576K
}

Dll operation events (20 events):
Event: 0.048 Loaded shared library /Library/Java/JavaVirtualMachines/jdk-21.jdk/Contents/Home/lib/libzip.dylib
Event: 0.109 Loaded shared library /Library/Java/JavaVirtualMachines/jdk-21.jdk/Contents/Home/lib/libjimage.dylib
Event: 0.155 Loaded shared library /Library/Java/JavaVirtualMachines/jdk-21.jdk/Contents/Home/lib/libnet.dylib
Event: 0.487 Loaded shared library /Library/Java/JavaVirtualMachines/jdk-21.jdk/Contents/Home/lib/libextnet.dylib
Event: 0.560 Loaded shared library /Library/Java/JavaVirtualMachines/jdk-21.jdk/Contents/Home/lib/libverify.dylib
Event: 0.934 Loading shared library /Library/Java/JavaVirtualMachines/jdk-21.jdk/Contents/Home/lib/libkitecodec_jni.dylib failed, dlopen(/Library/Java/JavaVirtualMachines/jdk-21.jdk/Contents/Home/lib/libkitecodec_jni.dylib, 0x0001): tried: '/Library/Java/JavaVirtualMa
Event: 0.934 Loading shared library /Library/Java/JavaVirtualMachines/jdk-21.jdk/Contents/Home/lib/libkitecodec_jni.jnilib failed, dlopen(/Library/Java/JavaVirtualMachines/jdk-21.jdk/Contents/Home/lib/libkitecodec_jni.jnilib, 0x0001): tried: '/Library/Java/JavaVirtual
Event: 0.934 Loading shared library /Users/macbook/Library/Java/Extensions/libkitecodec_jni.dylib failed, dlopen(/Users/macbook/Library/Java/Extensions/libkitecodec_jni.dylib, 0x0001): tried: '/Users/macbook/Library/Java/Extensions/libkitecodec_jni.dylib' (no such fil
Event: 0.934 Loading shared library /Users/macbook/Library/Java/Extensions/libkitecodec_jni.jnilib failed, dlopen(/Users/macbook/Library/Java/Extensions/libkitecodec_jni.jnilib, 0x0001): tried: '/Users/macbook/Library/Java/Extensions/libkitecodec_jni.jnilib' (no such 
Event: 0.935 Loading shared library /Library/Java/Extensions/libkitecodec_jni.dylib failed, dlopen(/Library/Java/Extensions/libkitecodec_jni.dylib, 0x0001): tried: '/Library/Java/Extensions/libkitecodec_jni.dylib' (no such file), '/System/Volumes/Preboot/Cryptexes/OS/
Event: 0.936 Loading shared library /Library/Java/Extensions/libkitecodec_jni.jnilib failed, dlopen(/Library/Java/Extensions/libkitecodec_jni.jnilib, 0x0001): tried: '/Library/Java/Extensions/libkitecodec_jni.jnilib' (no such file), '/System/Volumes/Preboot/Cryptexes/
Event: 0.936 Loading shared library /Network/Library/Java/Extensions/libkitecodec_jni.dylib failed, dlopen(/Network/Library/Java/Extensions/libkitecodec_jni.dylib, 0x0001): tried: '/Network/Library/Java/Extensions/libkitecodec_jni.dylib' (no such file), '/System/Volum
Event: 0.936 Loading shared library /Network/Library/Java/Extensions/libkitecodec_jni.jnilib failed, dlopen(/Network/Library/Java/Extensions/libkitecodec_jni.jnilib, 0x0001): tried: '/Network/Library/Java/Extensions/libkitecodec_jni.jnilib' (no such file), '/System/Vo
Event: 0.936 Loading shared library /System/Library/Java/Extensions/libkitecodec_jni.dylib failed, dlopen(/System/Library/Java/Extensions/libkitecodec_jni.dylib, 0x0001): tried: '/System/Library/Java/Extensions/libkitecodec_jni.dylib' (no such file), '/System/Volumes/
Event: 0.936 Loading shared library /System/Library/Java/Extensions/libkitecodec_jni.jnilib failed, dlopen(/System/Library/Java/Extensions/libkitecodec_jni.jnilib, 0x0001): tried: '/System/Library/Java/Extensions/libkitecodec_jni.jnilib' (no such file), '/System/Volum
Event: 0.936 Loading shared library /usr/lib/java/libkitecodec_jni.dylib failed, dlopen(/usr/lib/java/libkitecodec_jni.dylib, 0x0001): tried: '/usr/lib/java/libkitecodec_jni.dylib' (no such file), '/System/Volumes/Preboot/Cryptexes/OS/usr/lib/java/libkitecodec_jni.dyl
Event: 0.936 Loading shared library /usr/lib/java/libkitecodec_jni.jnilib failed, dlopen(/usr/lib/java/libkitecodec_jni.jnilib, 0x0001): tried: '/usr/lib/java/libkitecodec_jni.jnilib' (no such file), '/System/Volumes/Preboot/Cryptexes/OS/usr/lib/java/libkitecodec_jni.
Event: 0.936 Loading shared library /Users/macbook/StudioProjects/#Kite/KiteFFmpeg/kiteffmpeg-core/libkitecodec_jni.dylib failed, dlopen(/Users/macbook/StudioProjects/#Kite/KiteFFmpeg/kiteffmpeg-core/libkitecodec_jni.dylib, 0x0001): tried: '/Users/macbook/StudioProjec
Event: 0.936 Loading shared library /Users/macbook/StudioProjects/#Kite/KiteFFmpeg/kiteffmpeg-core/libkitecodec_jni.jnilib failed, dlopen(/Users/macbook/StudioProjects/#Kite/KiteFFmpeg/kiteffmpeg-core/libkitecodec_jni.jnilib, 0x0001): tried: '/Users/macbook/StudioProj
Event: 1.465 Loaded shared library /private/var/folders/qr/7h9vl5x91ks45f_xf9phsfgm0000gn/T/kitecodec-jni13298711081252586587/libkitecodec_jni.dylib

Deoptimization events (20 events):
Event: 0.933 Thread 0x0000000140018600 Uncommon trap: trap_request=0xffffff6e fr.pc=0x00000001178186e4 relative=0x00000000000003a4
Event: 0.933 Thread 0x0000000140018600 Uncommon trap: reason=loop_limit_check action=maybe_recompile pc=0x00000001178186e4 method=java.lang.StringLatin1.indexOf([BI[BII)I @ 37 c2
Event: 0.933 Thread 0x0000000140018600 DEOPT PACKING pc=0x00000001178186e4 sp=0x000000016f2c3e80
Event: 0.933 Thread 0x0000000140018600 DEOPT UNPACKING pc=0x000000011727701c sp=0x000000016f2c3de0 mode 2
Event: 0.968 Thread 0x0000000140018600 Uncommon trap: trap_request=0xffffffde fr.pc=0x0000000117829bbc relative=0x00000000000000fc
Event: 0.968 Thread 0x0000000140018600 Uncommon trap: reason=class_check action=maybe_recompile pc=0x0000000117829bbc method=jdk.internal.misc.Unsafe.allocateUninitializedArray(Ljava/lang/Class;I)Ljava/lang/Object; @ 51 c2
Event: 0.968 Thread 0x0000000140018600 DEOPT PACKING pc=0x0000000117829bbc sp=0x000000016f2c2d00
Event: 0.968 Thread 0x0000000140018600 DEOPT UNPACKING pc=0x000000011727701c sp=0x000000016f2c2c80 mode 2
Event: 0.970 Thread 0x0000000140018600 Uncommon trap: trap_request=0xffffffde fr.pc=0x0000000117829bbc relative=0x00000000000000fc
Event: 0.970 Thread 0x0000000140018600 Uncommon trap: reason=class_check action=maybe_recompile pc=0x0000000117829bbc method=jdk.internal.misc.Unsafe.allocateUninitializedArray(Ljava/lang/Class;I)Ljava/lang/Object; @ 51 c2
Event: 0.970 Thread 0x0000000140018600 DEOPT PACKING pc=0x0000000117829bbc sp=0x000000016f2c2870
Event: 0.970 Thread 0x0000000140018600 DEOPT UNPACKING pc=0x000000011727701c sp=0x000000016f2c27f0 mode 2
Event: 0.970 Thread 0x0000000140018600 Uncommon trap: trap_request=0xffffffde fr.pc=0x0000000117829bbc relative=0x00000000000000fc
Event: 0.970 Thread 0x0000000140018600 Uncommon trap: reason=class_check action=maybe_recompile pc=0x0000000117829bbc method=jdk.internal.misc.Unsafe.allocateUninitializedArray(Ljava/lang/Class;I)Ljava/lang/Object; @ 51 c2
Event: 0.970 Thread 0x0000000140018600 DEOPT PACKING pc=0x0000000117829bbc sp=0x000000016f2c29c0
Event: 0.970 Thread 0x0000000140018600 DEOPT UNPACKING pc=0x000000011727701c sp=0x000000016f2c2940 mode 2
Event: 0.970 Thread 0x0000000140018600 Uncommon trap: trap_request=0xffffffde fr.pc=0x0000000117829bbc relative=0x00000000000000fc
Event: 0.970 Thread 0x0000000140018600 Uncommon trap: reason=class_check action=maybe_recompile pc=0x0000000117829bbc method=jdk.internal.misc.Unsafe.allocateUninitializedArray(Ljava/lang/Class;I)Ljava/lang/Object; @ 51 c2
Event: 0.970 Thread 0x0000000140018600 DEOPT PACKING pc=0x0000000117829bbc sp=0x000000016f2c29a0
Event: 0.970 Thread 0x0000000140018600 DEOPT UNPACKING pc=0x000000011727701c sp=0x000000016f2c2920 mode 2

Classes loaded (20 events):
Event: 0.976 Loading class sun/nio/cs/StandardCharsets$Cache
Event: 0.976 Loading class sun/nio/cs/StandardCharsets$Cache done
Event: 0.983 Loading class java/io/DeleteOnExitHook
Event: 0.983 Loading class java/io/DeleteOnExitHook done
Event: 0.983 Loading class java/io/DeleteOnExitHook$1
Event: 0.983 Loading class java/io/DeleteOnExitHook$1 done
Event: 0.984 Loading class java/nio/file/StandardCopyOption
Event: 0.984 Loading class java/nio/file/StandardCopyOption done
Event: 0.984 Loading class sun/nio/fs/UnixException
Event: 0.984 Loading class sun/nio/fs/UnixException done
Event: 0.984 Loading class java/nio/channels/Channels
Event: 0.984 Loading class java/nio/channels/Channels done
Event: 0.984 Loading class sun/nio/ch/Streams
Event: 0.984 Loading class sun/nio/ch/Streams done
Event: 0.984 Loading class sun/nio/ch/ChannelOutputStream
Event: 0.984 Loading class sun/nio/ch/ChannelOutputStream done
Event: 0.986 Loading class jdk/internal/foreign/MemorySessionImpl
Event: 0.986 Loading class java/lang/foreign/MemorySegment$Scope
Event: 0.986 Loading class java/lang/foreign/MemorySegment$Scope done
Event: 0.987 Loading class jdk/internal/foreign/MemorySessionImpl done

Classes unloaded (0 events):
No events

Classes redefined (0 events):
No events

Internal exceptions (20 events):
Event: 0.287 Thread 0x0000000140018600 Exception <a 'java/lang/NoSuchMethodError'{0x00000007ef81f7c0}: 'java.lang.Object java.lang.invoke.DirectMethodHandle$Holder.invokeStatic(java.lang.Object, java.lang.Object, int)'> (0x00000007ef81f7c0) 
thrown [open/src/hotspot/share/interpreter/linkResolver.cpp, line 773]
Event: 0.288 Thread 0x0000000140018600 Exception <a 'java/lang/NoSuchMethodError'{0x00000007ef829c48}: 'java.lang.Object java.lang.invoke.DirectMethodHandle$Holder.invokeInterface(java.lang.Object, java.lang.Object)'> (0x00000007ef829c48) 
thrown [open/src/hotspot/share/interpreter/linkResolver.cpp, line 773]
Event: 0.288 Thread 0x0000000140018600 Exception <a 'java/lang/NoSuchMethodError'{0x00000007ef8312f0}: 'java.lang.Object java.lang.invoke.DirectMethodHandle$Holder.invokeVirtual(java.lang.Object, java.lang.Object, java.lang.Object)'> (0x00000007ef8312f0) 
thrown [open/src/hotspot/share/interpreter/linkResolver.cpp, line 773]
Event: 0.379 Thread 0x0000000140018600 Exception <a 'java/lang/NoSuchMethodError'{0x00000007ef720e98}: 'void java.lang.invoke.DelegatingMethodHandle$Holder.delegate(java.lang.Object, java.lang.Object, int, java.lang.Object)'> (0x00000007ef720e98) 
thrown [open/src/hotspot/share/interpreter/linkResolver.cpp, line 773]
Event: 0.379 Thread 0x0000000140018600 Exception <a 'java/lang/NoSuchMethodError'{0x00000007ef724f68}: 'int java.lang.invoke.DirectMethodHandle$Holder.invokeSpecial(java.lang.Object, java.lang.Object, java.lang.Object)'> (0x00000007ef724f68) 
thrown [open/src/hotspot/share/interpreter/linkResolver.cpp, line 773]
Event: 0.478 Thread 0x0000000140018600 Exception <a 'java/lang/NoSuchMethodError'{0x00000007ef587c80}: 'java.lang.Object java.lang.invoke.DirectMethodHandle$Holder.invokeVirtual(java.lang.Object, java.lang.Object, java.lang.Object, java.lang.Object)'> (0x00000007ef587c80) 
thrown [open/src/hotspot/share/interpreter/linkResolver.cpp, line 773]
Event: 0.480 Thread 0x0000000140018600 Exception <a 'java/lang/NoSuchMethodError'{0x00000007ef5972b8}: 'java.lang.Object java.lang.invoke.Invokers$Holder.invokeExact_MT(java.lang.Object, java.lang.Object, java.lang.Object, java.lang.Object, java.lang.Object)'> (0x00000007ef5972b8) 
thrown [open/src/hotspot/share/interpreter/linkResolver.cpp, line 773]
Event: 0.534 Thread 0x0000000140018600 Exception <a 'java/lang/NoSuchMethodError'{0x00000007ef4afa48}: 'int java.lang.invoke.DirectMethodHandle$Holder.invokeStaticInit(java.lang.Object, java.lang.Object, java.lang.Object, java.lang.Object)'> (0x00000007ef4afa48) 
thrown [open/src/hotspot/share/interpreter/linkResolver.cpp, line 773]
Event: 0.534 Thread 0x0000000140018600 Exception <a 'java/lang/IncompatibleClassChangeError'{0x00000007ef4b7ae0}: Found class java.lang.Object, but interface was expected> (0x00000007ef4b7ae0) 
thrown [open/src/hotspot/share/interpreter/linkResolver.cpp, line 840]
Event: 0.535 Thread 0x0000000140018600 Exception <a 'java/lang/NoSuchMethodError'{0x00000007ef4ba288}: 'void java.lang.invoke.DirectMethodHandle$Holder.invokeStatic(java.lang.Object, java.lang.Object)'> (0x00000007ef4ba288) 
thrown [open/src/hotspot/share/interpreter/linkResolver.cpp, line 773]
Event: 0.535 Thread 0x0000000140018600 Exception <a 'java/lang/NoSuchMethodError'{0x00000007ef4bd550}: 'void java.lang.invoke.DirectMethodHandle$Holder.invokeStaticInit(java.lang.Object, java.lang.Object)'> (0x00000007ef4bd550) 
thrown [open/src/hotspot/share/interpreter/linkResolver.cpp, line 773]
Event: 0.535 Thread 0x0000000140018600 Exception <a 'java/lang/NoSuchMethodError'{0x00000007ef4c2788}: 'int java.lang.invoke.DirectMethodHandle$Holder.invokeStaticInit(java.lang.Object, java.lang.Object)'> (0x00000007ef4c2788) 
thrown [open/src/hotspot/share/interpreter/linkResolver.cpp, line 773]
Event: 0.642 Thread 0x0000000158014000 Exception <a 'java/lang/NoSuchMethodError'{0x00000007ef3ee2c8}: 'void java.lang.invoke.DirectMethodHandle$Holder.invokeInterface(java.lang.Object, java.lang.Object)'> (0x00000007ef3ee2c8) 
thrown [open/src/hotspot/share/interpreter/linkResolver.cpp, line 773]
Event: 0.721 Thread 0x0000000140018600 Exception <a 'java/lang/IncompatibleClassChangeError'{0x00000007eef65b80}: Found class java.lang.Object, but interface was expected> (0x00000007eef65b80) 
thrown [open/src/hotspot/share/interpreter/linkResolver.cpp, line 840]
Event: 0.754 Thread 0x0000000140018600 Exception <a 'java/lang/NoSuchMethodError'{0x00000007eeff89a0}: 'java.lang.Object java.lang.invoke.DirectMethodHandle$Holder.newInvokeSpecial(java.lang.Object, java.lang.Object, java.lang.Object, java.lang.Object, java.lang.Object)'> (0x00000007eeff89a0) 
thrown [open/src/hotspot/share/interpreter/linkResolver.cpp, line 773]
Event: 0.823 Thread 0x0000000140018600 Exception <a 'java/lang/NoSuchMethodError'{0x00000007eeef6a28}: 'void java.lang.invoke.DirectMethodHandle$Holder.invokeInterface(java.lang.Object, java.lang.Object, java.lang.Object, java.lang.Object)'> (0x00000007eeef6a28) 
thrown [open/src/hotspot/share/interpreter/linkResolver.cpp, line 773]
Event: 0.823 Thread 0x0000000140018600 Exception <a 'java/lang/NoSuchMethodError'{0x00000007eeefaa88}: 'void java.lang.invoke.DirectMethodHandle$Holder.invokeSpecial(java.lang.Object, java.lang.Object, java.lang.Object, java.lang.Object, java.lang.Object)'> (0x00000007eeefaa88) 
thrown [open/src/hotspot/share/interpreter/linkResolver.cpp, line 773]
Event: 0.844 Thread 0x0000000140018600 Exception <a 'java/lang/NoSuchMethodError'{0x00000007eeb3c5f0}: 'java.lang.Object java.lang.invoke.DirectMethodHandle$Holder.invokeStaticInit(java.lang.Object, java.lang.Object, java.lang.Object)'> (0x00000007eeb3c5f0) 
thrown [open/src/hotspot/share/interpreter/linkResolver.cpp, line 773]
Event: 0.984 Thread 0x0000000140018600 Exception <a 'sun/nio/fs/UnixException'{0x00000007efd7aca8}> (0x00000007efd7aca8) 
thrown [open/src/hotspot/share/prims/jni.cpp, line 520]
Event: 1.480 Thread 0x0000000140018600 Exception <a 'java/lang/NoSuchMethodError'{0x00000007efcfc6d0}: 'java.lang.Object java.lang.invoke.DirectMethodHandle$Holder.invokeSpecial(java.lang.Object, java.lang.Object, int, java.lang.Object, int)'> (0x00000007efcfc6d0) 
thrown [open/src/hotspot/share/interpreter/linkResolver.cpp, line 773]

ZGC Phase Switch (0 events):
No events

VM Operations (20 events):
Event: 0.393 Executing VM operation: ICBufferFull
Event: 0.393 Executing VM operation: ICBufferFull done
Event: 0.469 Executing VM operation: HandshakeAllThreads (Deoptimize)
Event: 0.469 Executing VM operation: HandshakeAllThreads (Deoptimize) done
Event: 0.476 Executing VM operation: HandshakeAllThreads (Deoptimize)
Event: 0.476 Executing VM operation: HandshakeAllThreads (Deoptimize) done
Event: 0.478 Executing VM operation: HandshakeAllThreads (Deoptimize)
Event: 0.478 Executing VM operation: HandshakeAllThreads (Deoptimize) done
Event: 0.552 Executing VM operation: HandshakeAllThreads (Deoptimize)
Event: 0.552 Executing VM operation: HandshakeAllThreads (Deoptimize) done
Event: 0.552 Executing VM operation: HandshakeAllThreads (Deoptimize)
Event: 0.552 Executing VM operation: HandshakeAllThreads (Deoptimize) done
Event: 0.654 Executing VM operation: HandshakeAllThreads (Deoptimize)
Event: 0.654 Executing VM operation: HandshakeAllThreads (Deoptimize) done
Event: 0.661 Executing VM operation: HandshakeAllThreads (Deoptimize)
Event: 0.661 Executing VM operation: HandshakeAllThreads (Deoptimize) done
Event: 0.743 Executing VM operation: ICBufferFull
Event: 0.752 Executing VM operation: ICBufferFull done
Event: 0.937 Executing VM operation: G1CollectForAllocation (G1 Evacuation Pause)
Event: 0.953 Executing VM operation: G1CollectForAllocation (G1 Evacuation Pause) done

Events (20 events):
Event: 0.035 Thread 0x000000015080f600 Thread added: 0x000000015080f600
Event: 0.035 Protecting memory [0x0000000170654000,0x0000000170660000] with protection modes 0
Event: 0.035 Thread 0x0000000106011e00 Thread added: 0x0000000106011e00
Event: 0.035 Protecting memory [0x0000000170860000,0x000000017086c000] with protection modes 0
Event: 0.035 Thread 0x000000015080fe00 Thread added: 0x000000015080fe00
Event: 0.035 Protecting memory [0x0000000170a6c000,0x0000000170a78000] with protection modes 0
Event: 0.035 Thread 0x00000001400b6200 Thread added: 0x00000001400b6200
Event: 0.035 Protecting memory [0x0000000170c78000,0x0000000170c84000] with protection modes 0
Event: 0.036 Thread 0x0000000125008200 Thread added: 0x0000000125008200
Event: 0.036 Protecting memory [0x0000000170e84000,0x0000000170e90000] with protection modes 0
Event: 0.040 Thread 0x0000000158809400 Thread added: 0x0000000158809400
Event: 0.040 Protecting memory [0x0000000171090000,0x000000017109c000] with protection modes 0
Event: 0.042 Thread 0x00000001400b7400 Thread added: 0x00000001400b7400
Event: 0.042 Protecting memory [0x000000017129c000,0x00000001712a8000] with protection modes 0
Event: 0.552 Thread 0x0000000158014000 Thread added: 0x0000000158014000
Event: 0.553 Protecting memory [0x00000001714a8000,0x00000001714b4000] with protection modes 0
Event: 0.639 Thread 0x000000010600b400 Thread added: 0x000000010600b400
Event: 0.639 Protecting memory [0x00000001716b4000,0x00000001716c0000] with protection modes 0
Event: 0.640 Thread 0x000000015886e400 Thread added: 0x000000015886e400
Event: 0.640 Protecting memory [0x00000001718c0000,0x00000001718cc000] with protection modes 0


Dynamic libraries:
0x0000000100e04000 	/Library/Java/JavaVirtualMachines/jdk-21.jdk/Contents/Home/lib/libjli.dylib
0x00000001a279f000 	/System/Library/Frameworks/Cocoa.framework/Versions/A/Cocoa
0x00000001873bd000 	/System/Library/Frameworks/AppKit.framework/Versions/C/AppKit
0x000000018a9fe000 	/System/Library/Frameworks/CoreData.framework/Versions/A/CoreData
0x00000001847b2000 	/System/Library/Frameworks/Foundation.framework/Versions/C/Foundation
0x0000000192d5e000 	/usr/lib/libSystem.B.dylib
0x0000000188ae1000 	/System/Library/PrivateFrameworks/UIFoundation.framework/Versions/A/UIFoundation
0x000000023c04a000 	/System/Library/PrivateFrameworks/CollectionViewCore.framework/Versions/A/CollectionViewCore
0x000000018ffff000 	/System/Library/PrivateFrameworks/XCTTargetBootstrap.framework/Versions/A/XCTTargetBootstrap
0x000000024e97b000 	/System/Library/PrivateFrameworks/GenerativeModels.framework/Versions/A/GenerativeModels
0x0000000195776000 	/System/Library/PrivateFrameworks/InternationalSupport.framework/Versions/A/InternationalSupport
0x0000000195ad2000 	/System/Library/PrivateFrameworks/UserActivity.framework/Versions/A/UserActivity
0x000000018b08e000 	/System/Library/PrivateFrameworks/BaseBoard.framework/Versions/A/BaseBoard
0x0000000245b2b000 	/System/Library/PrivateFrameworks/FrontBoard.framework/Versions/A/FrontBoard
0x000000019d4df000 	/System/Library/PrivateFrameworks/FrontBoardServices.framework/Versions/A/FrontBoardServices
0x0000000286d07000 	/usr/lib/libRosetta.dylib
0x000000027a017000 	/System/Library/PrivateFrameworks/UIIntelligenceSupport.framework/Versions/A/UIIntelligenceSupport
0x0000000230357000 	/System/Library/Frameworks/SwiftUICore.framework/Versions/A/SwiftUICore
0x0000000280bc1000 	/System/Library/PrivateFrameworks/WritingTools.framework/Versions/A/WritingTools
0x000000027f9b8000 	/System/Library/PrivateFrameworks/WindowManagement.framework/Versions/A/WindowManagement
0x0000000184421000 	/System/Library/Frameworks/SystemConfiguration.framework/Versions/A/SystemConfiguration
0x00000001949e1000 	/usr/lib/libspindump.dylib
0x0000000188c9a000 	/System/Library/Frameworks/UniformTypeIdentifiers.framework/Versions/A/UniformTypeIdentifiers
0x0000000191fb1000 	/usr/lib/libbsm.0.dylib
0x000000018d78f000 	/usr/lib/libapp_launch_measurement.dylib
0x000000018ca99000 	/System/Library/PrivateFrameworks/CoreAnalytics.framework/Versions/A/CoreAnalytics
0x000000018d793000 	/System/Library/PrivateFrameworks/CoreAutoLayout.framework/Versions/A/CoreAutoLayout
0x000000018f578000 	/System/Library/Frameworks/Metal.framework/Versions/A/Metal
0x000000019093c000 	/usr/lib/liblangid.dylib
0x0000000190005000 	/System/Library/PrivateFrameworks/CoreSVG.framework/Versions/A/CoreSVG
0x00000001896f5000 	/System/Library/PrivateFrameworks/SkyLight.framework/Versions/A/SkyLight
0x000000024585b000 	/System/Library/PrivateFrameworks/FocusEngine.framework/Versions/A/FocusEngine
0x0000000189cac000 	/System/Library/Frameworks/CoreGraphics.framework/Versions/A/CoreGraphics
0x0000000243265000 	/System/Library/PrivateFrameworks/DesignLibrary.framework/Versions/A/DesignLibrary
0x000000019b760000 	/System/Library/Frameworks/Accelerate.framework/Versions/A/Accelerate
0x00000001947d6000 	/System/Library/PrivateFrameworks/IconServices.framework/Versions/A/IconServices
0x000000018f550000 	/System/Library/Frameworks/IOSurface.framework/Versions/A/IOSurface
0x000000018cac9000 	/usr/lib/libDiagnosticMessagesClient.dylib
0x0000000192ca8000 	/usr/lib/libz.1.dylib
0x000000019fbbb000 	/System/Library/Frameworks/ApplicationServices.framework/Versions/A/ApplicationServices
0x000000018ffea000 	/System/Library/PrivateFrameworks/DFRFoundation.framework/Versions/A/DFRFoundation
0x0000000186c0a000 	/usr/lib/libicucore.A.dylib
0x0000000196cff000 	/System/Library/Frameworks/AudioToolbox.framework/Versions/A/AudioToolbox
0x0000000195a80000 	/System/Library/PrivateFrameworks/DataDetectorsCore.framework/Versions/A/DataDetectorsCore
0x000000027af64000 	/System/Library/PrivateFrameworks/UpdateCycle.framework/Versions/A/UpdateCycle
0x00000001b470c000 	/System/Library/PrivateFrameworks/TextInput.framework/Versions/A/TextInput
0x0000000189639000 	/usr/lib/libMobileGestalt.dylib
0x000000018fcee000 	/System/Library/Frameworks/Carbon.framework/Versions/A/Frameworks/HIToolbox.framework/Versions/A/HIToolbox
0x000000018cff3000 	/System/Library/Frameworks/QuartzCore.framework/Versions/A/QuartzCore
0x00000001867ea000 	/System/Library/Frameworks/Security.framework/Versions/A/Security
0x000000019b0cf000 	/System/Library/Frameworks/Carbon.framework/Versions/A/Frameworks/SpeechRecognition.framework/Versions/A/SpeechRecognition
0x000000018d45a000 	/System/Library/PrivateFrameworks/CoreUI.framework/Versions/A/CoreUI
0x0000000186054000 	/System/Library/Frameworks/CoreAudio.framework/Versions/A/CoreAudio
0x000000018cbc4000 	/System/Library/Frameworks/DiskArbitration.framework/Versions/A/DiskArbitration
0x0000000194f7f000 	/System/Library/PrivateFrameworks/MultitouchSupport.framework/Versions/A/MultitouchSupport
0x0000000189637000 	/usr/lib/libenergytrace.dylib
0x00000001a7861000 	/System/Library/PrivateFrameworks/RenderBox.framework/Versions/A/RenderBox
0x0000000187262000 	/System/Library/Frameworks/IOKit.framework/Versions/A/IOKit
0x000000019b4e1000 	/System/Library/Frameworks/CoreServices.framework/Versions/A/CoreServices
0x000000018d716000 	/System/Library/PrivateFrameworks/PerformanceAnalysis.framework/Versions/A/PerformanceAnalysis
0x0000000228c3d000 	/System/Library/Frameworks/OpenGL.framework/Versions/A/OpenGL
0x000000018d7dc000 	/usr/lib/libxml2.2.dylib
0x0000000191e92000 	/System/Library/PrivateFrameworks/MobileKeyBag.framework/Versions/A/MobileKeyBag
0x0000000182a90000 	/usr/lib/libobjc.A.dylib
0x0000000182e13000 	/usr/lib/libc++.1.dylib
0x000000019b45f000 	/System/Library/Frameworks/Accessibility.framework/Versions/A/Accessibility
0x000000018a402000 	/System/Library/Frameworks/ColorSync.framework/Versions/A/ColorSync
0x0000000182f43000 	/System/Library/Frameworks/CoreFoundation.framework/Versions/A/CoreFoundation
0x0000000190384000 	/System/Library/Frameworks/CoreImage.framework/Versions/A/CoreImage
0x0000000185e2a000 	/System/Library/Frameworks/CoreText.framework/Versions/A/CoreText
0x000000022a63e000 	/System/Library/Frameworks/CoreTransferable.framework/Versions/A/CoreTransferable
0x000000022ab59000 	/System/Library/Frameworks/DataDetection.framework/Versions/A/DataDetection
0x000000022ab70000 	/System/Library/Frameworks/DeveloperToolsSupport.framework/Versions/A/DeveloperToolsSupport
0x0000000190043000 	/System/Library/Frameworks/ImageIO.framework/Versions/A/ImageIO
0x00000002312b4000 	/System/Library/Frameworks/Symbols.framework/Versions/A/Symbols
0x00000001b9aa2000 	/System/Library/PrivateFrameworks/AttributeGraph.framework/Versions/A/AttributeGraph
0x000000019d5b9000 	/System/Library/PrivateFrameworks/BoardServices.framework/Versions/A/BoardServices
0x00000001dedcb000 	/System/Library/PrivateFrameworks/FeatureFlags.framework/Versions/A/FeatureFlags
0x000000024ee26000 	/System/Library/PrivateFrameworks/Gestures.framework/Versions/A/Gestures
0x0000000192d62000 	/System/Library/PrivateFrameworks/SoftLinking.framework/Versions/A/SoftLinking
0x00000001c87c5000 	/usr/lib/swift/libswiftAccelerate.dylib
0x00000001be909000 	/usr/lib/swift/libswiftCompression.dylib
0x0000000196653000 	/usr/lib/swift/libswiftCore.dylib
0x00000001b0924000 	/usr/lib/swift/libswiftCoreFoundation.dylib
0x00000001b0984000 	/usr/lib/swift/libswiftCoreImage.dylib
0x000000019d258000 	/usr/lib/swift/libswiftDispatch.dylib
0x00000001b0985000 	/usr/lib/swift/libswiftIOKit.dylib
0x00000001be8fb000 	/usr/lib/swift/libswiftMetal.dylib
0x00000001ce108000 	/usr/lib/swift/libswiftOSLog.dylib
0x00000001a0232000 	/usr/lib/swift/libswiftObjectiveC.dylib
0x0000000288476000 	/usr/lib/swift/libswiftObservation.dylib
0x00000001c3d1d000 	/usr/lib/swift/libswiftQuartzCore.dylib
0x0000000288538000 	/usr/lib/swift/libswiftSpatial.dylib
0x00000002885b2000 	/usr/lib/swift/libswiftSynchronization.dylib
0x00000001c87b5000 	/usr/lib/swift/libswiftUniformTypeIdentifiers.dylib
0x00000001b0937000 	/usr/lib/swift/libswiftXPC.dylib
0x00000002885f8000 	/usr/lib/swift/libswift_Builtin_float.dylib
0x00000002885f9000 	/usr/lib/swift/libswift_Concurrency.dylib
0x00000001a0236000 	/usr/lib/swift/libswiftos.dylib
0x00000001b447e000 	/usr/lib/swift/libswiftsimd.dylib
0x0000000193009000 	/usr/lib/libcompression.dylib
0x00000001956df000 	/System/Library/PrivateFrameworks/TextureIO.framework/Versions/A/TextureIO
0x000000018a5aa000 	/System/Library/Frameworks/ApplicationServices.framework/Versions/A/Frameworks/HIServices.framework/Versions/A/HIServices
0x0000000194460000 	/usr/lib/libate.dylib
0x0000000192d58000 	/usr/lib/system/libcache.dylib
0x0000000192d13000 	/usr/lib/system/libcommonCrypto.dylib
0x0000000192d3e000 	/usr/lib/system/libcompiler_rt.dylib
0x0000000192d33000 	/usr/lib/system/libcopyfile.dylib
0x0000000182c46000 	/usr/lib/system/libcorecrypto.dylib
0x0000000182d46000 	/usr/lib/system/libdispatch.dylib
0x0000000182ae3000 	/usr/lib/system/libdyld.dylib
0x0000000192d4e000 	/usr/lib/system/libkeymgr.dylib
0x0000000192cf6000 	/usr/lib/system/libmacho.dylib
0x0000000191f89000 	/usr/lib/system/libquarantine.dylib
0x0000000192d4b000 	/usr/lib/system/libremovefile.dylib
0x00000001896b9000 	/usr/lib/system/libsystem_asl.dylib
0x0000000182bcc000 	/usr/lib/system/libsystem_blocks.dylib
0x0000000182d91000 	/usr/lib/system/libsystem_c.dylib
0x0000000192d42000 	/usr/lib/system/libsystem_collections.dylib
0x0000000190929000 	/usr/lib/system/libsystem_configuration.dylib
0x000000018f517000 	/usr/lib/system/libsystem_containermanager.dylib
0x0000000192728000 	/usr/lib/system/libsystem_coreservices.dylib
0x0000000186ee0000 	/usr/lib/system/libsystem_darwin.dylib
0x000000028891a000 	/usr/lib/system/libsystem_darwindirectory.dylib
0x0000000192d4f000 	/usr/lib/system/libsystem_dnssd.dylib
0x000000028891e000 	/usr/lib/system/libsystem_eligibility.dylib
0x0000000182d8e000 	/usr/lib/system/libsystem_featureflags.dylib
0x0000000182f13000 	/usr/lib/system/libsystem_info.dylib
0x0000000192cb7000 	/usr/lib/system/libsystem_m.dylib
0x0000000182cf5000 	/usr/lib/system/libsystem_malloc.dylib
0x000000018961c000 	/usr/lib/system/libsystem_networkextension.dylib
0x000000018734b000 	/usr/lib/system/libsystem_notify.dylib
0x000000019092e000 	/usr/lib/system/libsystem_sandbox.dylib
0x0000000288929000 	/usr/lib/system/libsystem_sanitizers.dylib
0x0000000192d47000 	/usr/lib/system/libsystem_secinit.dylib
0x0000000182ebf000 	/usr/lib/system/libsystem_kernel.dylib
0x0000000182f0a000 	/usr/lib/system/libsystem_platform.dylib
0x0000000182efd000 	/usr/lib/system/libsystem_pthread.dylib
0x000000018b272000 	/usr/lib/system/libsystem_symptoms.dylib
0x0000000182c25000 	/usr/lib/system/libsystem_trace.dylib
0x0000000288931000 	/usr/lib/system/libsystem_trial.dylib
0x0000000192d21000 	/usr/lib/system/libunwind.dylib
0x0000000182bd0000 	/usr/lib/system/libxpc.dylib
0x0000000182ea4000 	/usr/lib/libc++abi.dylib
0x0000000288183000 	/usr/lib/libswiftPrespecialized.dylib
0x0000000192d60000 	/usr/lib/libfakelink.dylib
0x0000000189266000 	/System/Library/Frameworks/CFNetwork.framework/Versions/A/CFNetwork
0x0000000192db3000 	/usr/lib/libarchive.2.dylib
0x0000000199153000 	/System/Library/Frameworks/Combine.framework/Versions/A/Combine
0x000000023c06f000 	/System/Library/PrivateFrameworks/CollectionsInternal.framework/Versions/A/CollectionsInternal
0x00000002680b1000 	/System/Library/PrivateFrameworks/ReflectionInternal.framework/Versions/A/ReflectionInternal
0x0000000269005000 	/System/Library/PrivateFrameworks/RuntimeInternal.framework/Versions/A/RuntimeInternal
0x00000001ad6de000 	/usr/lib/swift/libswiftDarwin.dylib
0x00000002885c6000 	/usr/lib/swift/libswiftSystem.dylib
0x0000000288685000 	/usr/lib/swift/libswift_DarwinFoundation1.dylib
0x0000000288729000 	/usr/lib/swift/libswift_StringProcessing.dylib
0x00000001871e2000 	/System/Library/PrivateFrameworks/CoreServicesInternal.framework/Versions/A/CoreServicesInternal
0x0000000192d2b000 	/usr/lib/liboah.dylib
0x000000019f666000 	/System/Library/PrivateFrameworks/DiskImages.framework/Versions/A/DiskImages
0x00000001ad182000 	/System/Library/Frameworks/NetFS.framework/Versions/A/NetFS
0x000000018d758000 	/System/Library/Frameworks/CoreServices.framework/Versions/A/Frameworks/FSEvents.framework/Versions/A/FSEvents
0x0000000186eea000 	/System/Library/Frameworks/CoreServices.framework/Versions/A/Frameworks/CarbonCore.framework/Versions/A/CarbonCore
0x000000018cb38000 	/System/Library/Frameworks/CoreServices.framework/Versions/A/Frameworks/Metadata.framework/Versions/A/Metadata
0x000000019272f000 	/System/Library/Frameworks/CoreServices.framework/Versions/A/Frameworks/OSServices.framework/Versions/A/OSServices
0x0000000192eab000 	/System/Library/Frameworks/CoreServices.framework/Versions/A/Frameworks/SearchKit.framework/Versions/A/SearchKit
0x000000018b1ec000 	/System/Library/Frameworks/CoreServices.framework/Versions/A/Frameworks/AE.framework/Versions/A/AE
0x00000001834a2000 	/System/Library/Frameworks/CoreServices.framework/Versions/A/Frameworks/LaunchServices.framework/Versions/A/LaunchServices
0x00000001942b4000 	/System/Library/Frameworks/CoreServices.framework/Versions/A/Frameworks/DictionaryServices.framework/Versions/A/DictionaryServices
0x000000018d765000 	/System/Library/Frameworks/CoreServices.framework/Versions/A/Frameworks/SharedFileList.framework/Versions/A/SharedFileList
0x0000000192f3e000 	/usr/lib/libapple_nghttp2.dylib
0x000000018ae08000 	/usr/lib/libsqlite3.dylib
0x000000018aff1000 	/System/Library/Frameworks/Accounts.framework/Versions/A/Accounts
0x000000019f8a8000 	/System/Library/PrivateFrameworks/AppSupport.framework/Versions/A/AppSupport
0x00000001af6d6000 	/System/Library/Frameworks/AVFoundation.framework/Versions/A/AVFoundation
0x000000019738d000 	/System/Library/Frameworks/GSS.framework/Versions/A/GSS
0x000000018b180000 	/System/Library/PrivateFrameworks/RunningBoardServices.framework/Versions/A/RunningBoardServices
0x00000001a01ba000 	/System/Library/PrivateFrameworks/StreamingZip.framework/Versions/A/StreamingZip
0x000000018b27b000 	/System/Library/Frameworks/Network.framework/Versions/A/Network
0x0000000192cfa000 	/usr/lib/system/libkxld.dylib
0x0000000237641000 	/System/Library/PrivateFrameworks/AppleKeyStore.framework/Versions/A/AppleKeyStore
0x0000000286a09000 	/usr/lib/libCoreEntitlements.dylib
0x000000025c77d000 	/System/Library/PrivateFrameworks/MessageSecurity.framework/Versions/A/MessageSecurity
0x000000018adec000 	/System/Library/PrivateFrameworks/ProtocolBuffer.framework/Versions/A/ProtocolBuffer
0x000000019c667000 	/System/Library/PrivateFrameworks/SymptomDiagnosticReporter.framework/Versions/A/SymptomDiagnosticReporter
0x00000001944f9000 	/System/Library/PrivateFrameworks/CrashReporterSupport.framework/Versions/A/CrashReporterSupport
0x000000019270f000 	/System/Library/PrivateFrameworks/AppleFSCompression.framework/Versions/A/AppleFSCompression
0x0000000191f99000 	/usr/lib/libcoretls.dylib
0x000000019432a000 	/usr/lib/libcoretls_cfhelpers.dylib
0x0000000193003000 	/usr/lib/libpam.2.dylib
0x00000001943a0000 	/usr/lib/libxar.1.dylib
0x000000019432c000 	/System/Library/PrivateFrameworks/APFS.framework/Versions/A/APFS
0x000000027478b000 	/System/Library/PrivateFrameworks/SwiftASN1Internal.framework/Versions/A/SwiftASN1Internal
0x00000001943af000 	/usr/lib/libutil.dylib
0x0000000190937000 	/System/Library/PrivateFrameworks/AppleSystemInfo.framework/Versions/A/AppleSystemInfo
0x0000000191c60000 	/System/Library/PrivateFrameworks/IOMobileFramebuffer.framework/Versions/A/IOMobileFramebuffer
0x000000019efc6000 	/System/Library/PrivateFrameworks/CoreWiFi.framework/Versions/A/CoreWiFi
0x00000001b07e4000 	/System/Library/PrivateFrameworks/LoggingSupport.framework/Versions/A/LoggingSupport
0x00000001973f0000 	/System/Library/PrivateFrameworks/MobileAsset.framework/Versions/A/MobileAsset
0x000000019c677000 	/System/Library/PrivateFrameworks/PowerLog.framework/Versions/A/PowerLog
0x000000019db39000 	/System/Library/PrivateFrameworks/Rapport.framework/Versions/A/Rapport
0x00000002301ea000 	/System/Library/Frameworks/SwiftData.framework/Versions/A/SwiftData
0x000000018d985000 	/System/Library/PrivateFrameworks/UserManagement.framework/Versions/A/UserManagement
0x000000018918d000 	/usr/lib/libboringssl.dylib
0x000000018b260000 	/usr/lib/libdns_services.dylib
0x00000001af80a000 	/usr/lib/libquic.dylib
0x00000001965e4000 	/usr/lib/libusrtcp.dylib
0x00000002384fb000 	/System/Library/PrivateFrameworks/AtomicsInternal.framework/Versions/A/AtomicsInternal
0x00000001d6bc1000 	/System/Library/PrivateFrameworks/InternalSwiftProtobuf.framework/Versions/A/InternalSwiftProtobuf
0x000000028844d000 	/usr/lib/swift/libswiftDistributed.dylib
0x0000000190935000 	/System/Library/PrivateFrameworks/AggregateDictionary.framework/Versions/A/AggregateDictionary
0x0000000238d2b000 	/System/Library/PrivateFrameworks/BiomeLibrary.framework/Versions/A/BiomeLibrary
0x00000001bf96e000 	/System/Library/PrivateFrameworks/BiomeStreams.framework/Versions/A/BiomeStreams
0x00000001bb9bd000 	/System/Library/PrivateFrameworks/BiomeFoundation.framework/Versions/A/BiomeFoundation
0x00000001c5c17000 	/System/Library/PrivateFrameworks/BiomePubSub.framework/Versions/A/BiomePubSub
0x00000001a119d000 	/System/Library/PrivateFrameworks/ProactiveSupport.framework/Versions/A/ProactiveSupport
0x0000000232248000 	/System/Library/Frameworks/_LocationEssentials.framework/Versions/A/_LocationEssentials
0x000000019430b000 	/usr/lib/liblzma.5.dylib
0x000000019fbbc000 	/System/Library/PrivateFrameworks/InternationalTextSearch.framework/Versions/A/InternationalTextSearch
0x00000001b7e8f000 	/System/Library/PrivateFrameworks/SoftwareUpdateCoreSupport.framework/Versions/A/SoftwareUpdateCoreSupport
0x00000001c040d000 	/System/Library/PrivateFrameworks/SoftwareUpdateCoreConnect.framework/Versions/A/SoftwareUpdateCoreConnect
0x000000019f760000 	/System/Library/PrivateFrameworks/RemoteServiceDiscovery.framework/Versions/A/RemoteServiceDiscovery
0x00000001b7a66000 	/System/Library/PrivateFrameworks/MSUDataAccessor.framework/Versions/A/MSUDataAccessor
0x00000001b29b7000 	/usr/lib/libbootpolicy.dylib
0x000000019f777000 	/System/Library/PrivateFrameworks/RemoteXPC.framework/Versions/A/RemoteXPC
0x00000001bf842000 	/usr/lib/libFDR.dylib
0x00000001c5819000 	/usr/lib/libamsupport.dylib
0x0000000286cff000 	/usr/lib/libReverseProxyDevice.dylib
0x0000000236eaf000 	/System/Library/PrivateFrameworks/AppleDeviceQuerySupport.framework/Versions/A/AppleDeviceQuerySupport
0x00000001c89e3000 	/usr/lib/libpartition2_dynamic.dylib
0x0000000192f1a000 	/System/Library/PrivateFrameworks/AppleSauce.framework/Versions/A/AppleSauce
0x00000002868b4000 	/usr/lib/libAppleArchive.dylib
0x000000019271b000 	/usr/lib/libbz2.1.0.dylib
0x000000018cbce000 	/System/Library/Frameworks/Accelerate.framework/Versions/A/Frameworks/vImage.framework/Versions/A/vImage
0x000000019b4bc000 	/System/Library/Frameworks/Accelerate.framework/Versions/A/Frameworks/vecLib.framework/Versions/A/vecLib
0x00000001943e6000 	/System/Library/Frameworks/Accelerate.framework/Versions/A/Frameworks/vecLib.framework/Versions/A/libvMisc.dylib
0x00000001839a6000 	/System/Library/Frameworks/Accelerate.framework/Versions/A/Frameworks/vecLib.framework/Versions/A/libBLAS.dylib
0x000000018d8c3000 	/System/Library/Frameworks/CoreVideo.framework/Versions/A/CoreVideo
0x0000000196f9d000 	/System/Library/Frameworks/ApplicationServices.framework/Versions/A/Frameworks/ATS.framework/Versions/A/ATS
0x000000019566c000 	/System/Library/Frameworks/ApplicationServices.framework/Versions/A/Frameworks/PrintCore.framework/Versions/A/PrintCore
0x0000000197356000 	/System/Library/Frameworks/ApplicationServices.framework/Versions/A/Frameworks/QD.framework/Versions/A/QD
0x0000000197351000 	/System/Library/Frameworks/ApplicationServices.framework/Versions/A/Frameworks/ColorSyncLegacy.framework/Versions/A/ColorSyncLegacy
0x0000000196f6f000 	/System/Library/Frameworks/ApplicationServices.framework/Versions/A/Frameworks/SpeechSynthesis.framework/Versions/A/SpeechSynthesis
0x000000018fa1e000 	/System/Library/PrivateFrameworks/FontServices.framework/libFontParser.dylib
0x000000019f488000 	/System/Library/PrivateFrameworks/BackBoardServices.framework/Versions/A/BackBoardServices
0x0000000238c30000 	/System/Library/PrivateFrameworks/BackBoardHIDEventFoundation.framework/Versions/A/BackBoardHIDEventFoundation
0x0000000185946000 	/System/Library/Frameworks/CoreDisplay.framework/Versions/A/CoreDisplay
0x0000000194fc5000 	/System/Library/Frameworks/VideoToolbox.framework/Versions/A/VideoToolbox
0x0000000193001000 	/System/Library/Frameworks/MetalPerformanceShaders.framework/Versions/A/MetalPerformanceShaders
0x0000000266fbb000 	/System/Library/PrivateFrameworks/ProDisplayLibrary.framework/Versions/A/ProDisplayLibrary
0x00000001a32bd000 	/System/Library/PrivateFrameworks/IOSurfaceAccelerator.framework/Versions/A/IOSurfaceAccelerator
0x000000018f56d000 	/System/Library/PrivateFrameworks/IOAccelerator.framework/Versions/A/IOAccelerator
0x000000018f87c000 	/System/Library/Frameworks/CoreMedia.framework/Versions/A/CoreMedia
0x00000001896d1000 	/System/Library/PrivateFrameworks/TCC.framework/Versions/A/TCC
0x0000000194f7d000 	/System/Library/PrivateFrameworks/WatchdogClient.framework/Versions/A/WatchdogClient
0x00000001b0904000 	/usr/lib/swift/libswiftCoreAudio.dylib
0x00000001cc955000 	/usr/lib/swift/libswiftCoreMedia.dylib
0x00000002885e0000 	/usr/lib/swift/libswiftVideoToolbox.dylib
0x00000001c5c78000 	/System/Library/PrivateFrameworks/BiomeStorage.framework/Versions/A/BiomeStorage
0x000000025546c000 	/System/Library/PrivateFrameworks/IntelligencePlatformLibrary.framework/Versions/A/IntelligencePlatformLibrary
0x0000000265d7f000 	/System/Library/PrivateFrameworks/PoirotSchematizer.framework/Versions/A/PoirotSchematizer
0x00000002395e6000 	/System/Library/PrivateFrameworks/BiomeSync.framework/Versions/A/BiomeSync
0x0000000238d11000 	/System/Library/PrivateFrameworks/BiomeDSL.framework/Versions/A/BiomeDSL
0x0000000265ded000 	/System/Library/PrivateFrameworks/PoirotUDFs.framework/Versions/A/PoirotUDFs
0x0000000288688000 	/usr/lib/swift/libswift_DarwinFoundation2.dylib
0x0000000288689000 	/usr/lib/swift/libswift_DarwinFoundation3.dylib
0x000000019db2e000 	/System/Library/PrivateFrameworks/CoreTime.framework/Versions/A/CoreTime
0x0000000192d98000 	/usr/lib/libiconv.2.dylib
0x0000000192cf5000 	/usr/lib/libcharset.1.dylib
0x0000000265d42000 	/System/Library/PrivateFrameworks/PoirotSQLite.framework/Versions/A/PoirotSQLite
0x000000028868a000 	/usr/lib/swift/libswift_RegexParser.dylib
0x000000023ac1c000 	/System/Library/PrivateFrameworks/CascadeSets.framework/Versions/A/CascadeSets
0x0000000197567000 	/System/Library/PrivateFrameworks/CorePhoneNumbers.framework/Versions/A/CorePhoneNumbers
0x0000000194d77000 	/System/Library/PrivateFrameworks/AppleJPEG.framework/Versions/A/AppleJPEG
0x0000000194750000 	/usr/lib/libexpat.1.dylib
0x0000000195542000 	/System/Library/Frameworks/ImageIO.framework/Versions/A/Resources/libPng.dylib
0x000000019556d000 	/System/Library/Frameworks/ImageIO.framework/Versions/A/Resources/libTIFF.dylib
0x0000000195655000 	/System/Library/Frameworks/ImageIO.framework/Versions/A/Resources/libGIF.dylib
0x0000000194dbc000 	/System/Library/Frameworks/ImageIO.framework/Versions/A/Resources/libJP2.dylib
0x00000001955fc000 	/System/Library/Frameworks/ImageIO.framework/Versions/A/Resources/libJPEG.dylib
0x00000001955f3000 	/System/Library/Frameworks/ImageIO.framework/Versions/A/Resources/libRadiance.dylib
0x000000024b0bf000 	/System/Library/PrivateFrameworks/GPUCompiler.framework/Versions/32023/Libraries/libllvm-flatbuffers.dylib
0x0000000245b1e000 	/System/Library/PrivateFrameworks/FramePacing.framework/Versions/A/FramePacing
0x0000000228c2f000 	/System/Library/Frameworks/OpenGL.framework/Versions/A/Libraries/libCoreFSCache.dylib
0x0000000246c4c000 	/System/Library/PrivateFrameworks/GPUCompiler.framework/Versions/32023/Libraries/libGPUCompilerUtils.dylib
0x000000019d686000 	/System/Library/PrivateFrameworks/GraphicsServices.framework/Versions/A/GraphicsServices
0x0000000228c8e000 	/System/Library/Frameworks/OpenGL.framework/Versions/A/Libraries/libGLU.dylib
0x0000000228c51000 	/System/Library/Frameworks/OpenGL.framework/Versions/A/Libraries/libGFXShared.dylib
0x0000000228e1e000 	/System/Library/Frameworks/OpenGL.framework/Versions/A/Libraries/libGL.dylib
0x0000000228c5a000 	/System/Library/Frameworks/OpenGL.framework/Versions/A/Libraries/libGLImage.dylib
0x0000000228c4e000 	/System/Library/Frameworks/OpenGL.framework/Versions/A/Libraries/libCVMSPluginSupport.dylib
0x0000000228c37000 	/System/Library/Frameworks/OpenGL.framework/Versions/A/Libraries/libCoreVMClient.dylib
0x00000001955ee000 	/System/Library/PrivateFrameworks/GPUWrangler.framework/Versions/A/GPUWrangler
0x00000001955ce000 	/System/Library/PrivateFrameworks/IOPresentment.framework/Versions/A/IOPresentment
0x00000001955f6000 	/System/Library/PrivateFrameworks/DSExternalDisplay.framework/Versions/A/DSExternalDisplay
0x000000027c641000 	/System/Library/PrivateFrameworks/VideoToolboxParavirtualizationSupport.framework/Versions/A/VideoToolboxParavirtualizationSupport
0x0000000194707000 	/System/Library/PrivateFrameworks/AppleVA.framework/Versions/A/AppleVA
0x000000022acba000 	/System/Library/Frameworks/ExtensionFoundation.framework/Versions/A/ExtensionFoundation
0x000000019565b000 	/System/Library/PrivateFrameworks/CMCaptureCore.framework/Versions/A/CMCaptureCore
0x00000001949d4000 	/System/Library/PrivateFrameworks/AppServerSupport.framework/Versions/A/AppServerSupport
0x000000019735f000 	/System/Library/PrivateFrameworks/perfdata.framework/Versions/A/perfdata
0x0000000185a67000 	/System/Library/PrivateFrameworks/AudioToolboxCore.framework/Versions/A/AudioToolboxCore
0x000000018f852000 	/System/Library/PrivateFrameworks/caulk.framework/Versions/A/caulk
0x0000000196f55000 	/usr/lib/libAudioStatistics.dylib
0x00000001af8ff000 	/System/Library/PrivateFrameworks/SystemPolicy.framework/Versions/A/SystemPolicy
0x0000000197203000 	/usr/lib/libSMC.dylib
0x00000001b7275000 	/usr/lib/swift/libswiftCoreMIDI.dylib
0x00000001a25ac000 	/System/Library/Frameworks/CoreMIDI.framework/Versions/A/CoreMIDI
0x000000019551c000 	/usr/lib/libAudioToolboxUtility.dylib
0x000000019736d000 	/usr/lib/libperfcheck.dylib
0x00000002385ca000 	/System/Library/PrivateFrameworks/AudioAnalytics.framework/Versions/A/AudioAnalytics
0x00000001d68ad000 	/System/Library/Frameworks/OSLog.framework/Versions/A/OSLog
0x00000002617ef000 	/System/Library/PrivateFrameworks/OSEligibility.framework/Versions/A/OSEligibility
0x000000022c0a1000 	/System/Library/Frameworks/LightweightCodeRequirements.framework/Versions/A/LightweightCodeRequirements
0x0000000194650000 	/System/Library/PrivateFrameworks/PlugInKit.framework/Versions/A/PlugInKit
0x0000000191eaa000 	/System/Library/PrivateFrameworks/AssertionServices.framework/Versions/A/AssertionServices
0x0000000194775000 	/System/Library/PrivateFrameworks/IconFoundation.framework/Versions/A/IconFoundation
0x0000000251ffa000 	/System/Library/PrivateFrameworks/IconRendering.framework/Versions/A/IconRendering
0x00000002691ea000 	/System/Library/PrivateFrameworks/SFSymbols.framework/Versions/A/SFSymbols
0x0000000194984000 	/System/Library/PrivateFrameworks/GraphVisualizer.framework/Versions/A/GraphVisualizer
0x0000000245a29000 	/System/Library/PrivateFrameworks/FontServices.framework/Versions/A/FontServices
0x0000000194994000 	/System/Library/PrivateFrameworks/OTSVG.framework/Versions/A/OTSVG
0x000000018d409000 	/System/Library/Frameworks/ApplicationServices.framework/Versions/A/Frameworks/ATS.framework/Versions/A/Resources/libFontRegistry.dylib
0x00000002877d9000 	/usr/lib/libhvf.dylib
0x000000026247c000 	/System/Library/PrivateFrameworks/ParsingInternal.framework/Versions/A/ParsingInternal
0x0000000245a2d000 	/System/Library/PrivateFrameworks/FontServices.framework/libXTFontStaticRegistryData.dylib
0x000000019086f000 	/System/Library/Frameworks/MetalPerformanceShaders.framework/Versions/A/Frameworks/MPSCore.framework/Versions/A/MPSCore
0x000000019267a000 	/System/Library/Frameworks/MetalPerformanceShaders.framework/Versions/A/Frameworks/MPSImage.framework/Versions/A/MPSImage
0x0000000192039000 	/System/Library/Frameworks/MetalPerformanceShaders.framework/Versions/A/Frameworks/MPSNeuralNetwork.framework/Versions/A/MPSNeuralNetwork
0x0000000192478000 	/System/Library/Frameworks/MetalPerformanceShaders.framework/Versions/A/Frameworks/MPSMatrix.framework/Versions/A/MPSMatrix
0x0000000192290000 	/System/Library/Frameworks/MetalPerformanceShaders.framework/Versions/A/Frameworks/MPSRayIntersector.framework/Versions/A/MPSRayIntersector
0x00000001924aa000 	/System/Library/Frameworks/MetalPerformanceShaders.framework/Versions/A/Frameworks/MPSNDArray.framework/Versions/A/MPSNDArray
0x000000022cf26000 	/System/Library/Frameworks/MetalPerformanceShaders.framework/Versions/A/Frameworks/MPSFunctions.framework/Versions/A/MPSFunctions
0x000000022cf07000 	/System/Library/Frameworks/MetalPerformanceShaders.framework/Versions/A/Frameworks/MPSBenchmarkLoop.framework/Versions/A/MPSBenchmarkLoop
0x000000022cf3a000 	/System/Library/Frameworks/MetalPerformanceShaders.framework/Versions/A/Frameworks/MPSHost.framework/Versions/A/MPSHost
0x00000001837bd000 	/System/Library/PrivateFrameworks/MetalTools.framework/Versions/A/MetalTools
0x00000001b5ba5000 	/System/Library/PrivateFrameworks/IOAccelMemoryInfo.framework/Versions/A/IOAccelMemoryInfo
0x00000001c4110000 	/System/Library/PrivateFrameworks/kperf.framework/Versions/A/kperf
0x00000001b0900000 	/System/Library/PrivateFrameworks/GPURawCounter.framework/Versions/A/GPURawCounter
0x00000001a1328000 	/System/Library/PrivateFrameworks/ASEProcessing.framework/Versions/A/ASEProcessing
0x00000001d2210000 	/System/Library/PrivateFrameworks/Symbolication.framework/Versions/A/Symbolication
0x000000026592d000 	/System/Library/PrivateFrameworks/PhotosensitivityProcessing.framework/Versions/A/PhotosensitivityProcessing
0x0000000269270000 	/System/Library/PrivateFrameworks/SILManager.framework/Versions/A/SILManager
0x000000019d9d2000 	/System/Library/PrivateFrameworks/CoreSymbolication.framework/Versions/A/CoreSymbolication
0x00000001b0873000 	/System/Library/PrivateFrameworks/MallocStackLogging.framework/Versions/A/MallocStackLogging
0x000000019d9b0000 	/System/Library/PrivateFrameworks/DebugSymbols.framework/Versions/A/DebugSymbols
0x00000001c2861000 	/System/Library/PrivateFrameworks/OSAnalytics.framework/Versions/A/OSAnalytics
0x0000000243785000 	/System/Library/PrivateFrameworks/DeviceRecovery.framework/Versions/A/DeviceRecovery
0x0000000277ec9000 	/System/Library/PrivateFrameworks/Tightbeam.framework/Versions/A/Tightbeam
0x00000001c8f52000 	/System/Library/PrivateFrameworks/AFKUser.framework/Versions/A/AFKUser
0x0000000192aec000 	/System/Library/Frameworks/UserNotifications.framework/Versions/A/UserNotifications
0x00000001b633c000 	/System/Library/PrivateFrameworks/SiriInstrumentation.framework/Versions/A/SiriInstrumentation
0x000000026b700000 	/System/Library/PrivateFrameworks/SiriAnalytics.framework/Versions/A/SiriAnalytics
0x00000001b3a9b000 	/System/Library/PrivateFrameworks/FeedbackLogger.framework/Versions/A/FeedbackLogger
0x00000001ce3a1000 	/usr/lib/swift/libswiftAVFoundation.dylib
0x000000027a6f2000 	/System/Library/PrivateFrameworks/UnifiedAssetFramework.framework/Versions/A/UnifiedAssetFramework
0x0000000196ed4000 	/System/Library/PrivateFrameworks/AudioSession.framework/Versions/A/AudioSession
0x0000000194895000 	/System/Library/PrivateFrameworks/MediaExperience.framework/Versions/A/MediaExperience
0x0000000196ca9000 	/System/Library/PrivateFrameworks/AudioSession.framework/libSessionUtility.dylib
0x000000019c55c000 	/System/Library/Frameworks/CoreBluetooth.framework/Versions/A/CoreBluetooth
0x0000000191d1d000 	/System/Library/PrivateFrameworks/CoreUtils.framework/Versions/A/CoreUtils
0x00000001a8595000 	/System/Library/PrivateFrameworks/HID.framework/Versions/A/HID
0x0000000242676000 	/System/Library/PrivateFrameworks/CoreUtilsExtras.framework/Versions/A/CoreUtilsExtras
0x0000000251f4f000 	/System/Library/PrivateFrameworks/IO80211.framework/Versions/A/IO80211
0x0000000198e9f000 	/System/Library/Frameworks/IOBluetooth.framework/Versions/A/IOBluetooth
0x0000000288495000 	/usr/lib/swift/libswiftRegexBuilder.dylib
0x00000001944f0000 	/usr/lib/libIOReport.dylib
0x00000001dee50000 	/System/Library/PrivateFrameworks/WiFiPeerToPeer.framework/Versions/A/WiFiPeerToPeer
0x0000000191eb9000 	/System/Library/Frameworks/SecurityFoundation.framework/Versions/A/SecurityFoundation
0x000000023acd0000 	/System/Library/PrivateFrameworks/Centauri.framework/Versions/A/Centauri
0x00000001841a1000 	/System/Library/PrivateFrameworks/Lexicon.framework/Versions/A/Lexicon
0x0000000287c29000 	/usr/lib/libmrc.dylib
0x0000000251fba000 	/System/Library/PrivateFrameworks/IPConfiguration.framework/Versions/A/IPConfiguration
0x00000001d29e7000 	/System/Library/PrivateFrameworks/Netrb.framework/Versions/A/Netrb
0x0000000192022000 	/usr/lib/libgermantok.dylib
0x0000000190a5e000 	/System/Library/PrivateFrameworks/LinguisticData.framework/Versions/A/LinguisticData
0x000000019c765000 	/System/Library/PrivateFrameworks/MediaKit.framework/Versions/A/MediaKit
0x000000019c6b3000 	/System/Library/Frameworks/DiscRecording.framework/Versions/A/DiscRecording
0x000000019476b000 	/usr/lib/libheimdal-asn1.dylib
0x00000001a0190000 	/System/Library/Frameworks/AudioUnit.framework/Versions/A/AudioUnit
0x000000018d720000 	/System/Library/Frameworks/OpenDirectory.framework/Versions/A/OpenDirectory
0x000000018d72e000 	/System/Library/Frameworks/OpenDirectory.framework/Versions/A/Frameworks/CFOpenDirectory.framework/Versions/A/CFOpenDirectory
0x0000000199247000 	/System/Library/PrivateFrameworks/GeoServices.framework/Versions/A/GeoServices
0x0000000196c6f000 	/System/Library/PrivateFrameworks/LocationSupport.framework/Versions/A/LocationSupport
0x000000024ec78000 	/System/Library/PrivateFrameworks/GeoServicesCore.framework/Versions/A/GeoServicesCore
0x00000001a9499000 	/System/Library/PrivateFrameworks/PhoneNumbers.framework/Versions/A/PhoneNumbers
0x00000002573fe000 	/System/Library/PrivateFrameworks/LocationLogEncryption.framework/Versions/A/LocationLogEncryption
0x00000002291aa000 	/System/Library/Frameworks/AVFAudio.framework/Versions/A/AVFAudio
0x00000002292ee000 	/System/Library/Frameworks/AVRouting.framework/Versions/A/AVRouting
0x00000001a95b1000 	/usr/lib/libAccessibility.dylib
0x0000000255de8000 	/System/Library/PrivateFrameworks/IsolatedCoreAudioClient.framework/Versions/A/IsolatedCoreAudioClient
0x000000023e46a000 	/System/Library/PrivateFrameworks/CoreAudioOrchestration.framework/Versions/A/CoreAudioOrchestration
0x0000000195b43000 	/System/Library/Frameworks/MediaToolbox.framework/Versions/A/MediaToolbox
0x000000019c88b000 	/System/Library/PrivateFrameworks/CoreAVCHD.framework/Versions/A/CoreAVCHD
0x000000019b7af000 	/System/Library/Frameworks/MediaAccessibility.framework/Versions/A/MediaAccessibility
0x000000019c887000 	/System/Library/PrivateFrameworks/Mangrove.framework/Versions/A/Mangrove
0x000000023a30c000 	/System/Library/PrivateFrameworks/CMPhoto.framework/Versions/A/CMPhoto
0x000000019d054000 	/System/Library/Frameworks/CoreTelephony.framework/Versions/A/CoreTelephony
0x000000019c87a000 	/System/Library/PrivateFrameworks/CoreAUC.framework/Versions/A/CoreAUC
0x0000000237472000 	/System/Library/PrivateFrameworks/AppleJPEGXL.framework/Versions/A/AppleJPEGXL
0x0000000197577000 	/usr/lib/libTelephonyUtilDynamic.dylib
0x00000001d99cd000 	/System/Library/Frameworks/CryptoKit.framework/Versions/A/CryptoKit
0x00000001a018b000 	/System/Library/PrivateFrameworks/CryptoKitCBridging.framework/Versions/A/CryptoKitCBridging
0x000000019d698000 	/System/Library/Frameworks/CryptoTokenKit.framework/Versions/A/CryptoTokenKit
0x00000002431f5000 	/System/Library/PrivateFrameworks/Dendrite.framework/Versions/A/Dendrite
0x00000001b04a4000 	/System/Library/Frameworks/NaturalLanguage.framework/Versions/A/NaturalLanguage
0x00000001dedd7000 	/usr/lib/swift/libswiftNaturalLanguage.dylib
0x0000000237fe9000 	/System/Library/PrivateFrameworks/AppleMobileFileIntegrity.framework/Versions/A/AppleMobileFileIntegrity
0x0000000286d77000 	/usr/lib/libTLE.dylib
0x00000001b08a5000 	/usr/lib/libmis.dylib
0x00000001e851f000 	/System/Library/PrivateFrameworks/ConfigProfileHelper.framework/Versions/A/ConfigProfileHelper
0x00000001a031a000 	/System/Library/PrivateFrameworks/Espresso.framework/Versions/A/Espresso
0x000000018deb0000 	/System/Library/Frameworks/CoreML.framework/Versions/A/CoreML
0x00000001dcc83000 	/usr/lib/libedit.3.dylib
0x0000000225fb8000 	/System/Library/PrivateFrameworks/ANECompiler.framework/Versions/A/ANECompiler
0x00000001a23f0000 	/System/Library/PrivateFrameworks/AppleNeuralEngine.framework/Versions/A/AppleNeuralEngine
0x000000025751c000 	/System/Library/PrivateFrameworks/MIL.framework/Versions/A/MIL
0x000000022cf40000 	/System/Library/Frameworks/MetalPerformanceShadersGraph.framework/Versions/A/MetalPerformanceShadersGraph
0x0000000257c8b000 	/System/Library/PrivateFrameworks/MLCompilerServices.framework/Versions/A/MLCompilerServices
0x00000001a116c000 	/System/Library/PrivateFrameworks/ANEServices.framework/Versions/A/ANEServices
0x00000001b5b68000 	/usr/lib/libncurses.5.4.dylib
0x000000018735e000 	/usr/lib/libsandbox.1.dylib
0x0000000194691000 	/usr/lib/libMatch.1.dylib
0x0000000261571000 	/System/Library/PrivateFrameworks/ODIE.framework/Versions/A/ODIE
0x000000025a918000 	/System/Library/PrivateFrameworks/MLModelAsset.framework/Versions/A/MLModelAsset
0x0000000257c31000 	/System/Library/PrivateFrameworks/MLCompilerRuntime.framework/Versions/A/MLCompilerRuntime
0x00000001922e5000 	/System/Library/Frameworks/MLCompute.framework/Versions/A/MLCompute
0x0000000257bb3000 	/System/Library/PrivateFrameworks/MLAssetIO.framework/Versions/A/MLAssetIO
0x0000000288467000 	/usr/lib/swift/libswiftMLCompute.dylib
0x000000019d26f000 	/System/Library/PrivateFrameworks/AVFCore.framework/Versions/A/AVFCore
0x00000001a6eb2000 	/System/Library/PrivateFrameworks/AVFCapture.framework/Versions/A/AVFCapture
0x000000023a103000 	/System/Library/PrivateFrameworks/CMImaging.framework/Versions/A/CMImaging
0x00000001a70f4000 	/System/Library/PrivateFrameworks/Quagga.framework/Versions/A/Quagga
0x00000001a7225000 	/System/Library/PrivateFrameworks/CMCapture.framework/Versions/A/CMCapture
0x0000000197100000 	/System/Library/Frameworks/CoreMediaIO.framework/Versions/A/CoreMediaIO
0x000000023a03e000 	/System/Library/PrivateFrameworks/CMCaptureDevice.framework/Versions/A/CMCaptureDevice
0x0000000194acd000 	/System/Library/PrivateFrameworks/CoreBrightness.framework/Versions/A/CoreBrightness
0x000000023b1c7000 	/System/Library/PrivateFrameworks/CinematicFraming.framework/Versions/A/CinematicFraming
0x000000025da55000 	/System/Library/PrivateFrameworks/ModelManagerServices.framework/Versions/A/ModelManagerServices
0x00000001cb40a000 	/System/Library/PrivateFrameworks/CPMS.framework/Versions/A/CPMS
0x00000002755f9000 	/System/Library/PrivateFrameworks/SystemStatus.framework/Versions/A/SystemStatus
0x00000001af2d4000 	/System/Library/Frameworks/CoreMotion.framework/Versions/A/CoreMotion
0x00000001bf8ed000 	/System/Library/PrivateFrameworks/TimeSync.framework/Versions/A/TimeSync
0x0000000243bbd000 	/System/Library/PrivateFrameworks/DistributedSensing.framework/Versions/A/DistributedSensing
0x00000001baccb000 	/System/Library/PrivateFrameworks/MobileBluetooth.framework/Versions/A/MobileBluetooth
0x00000001c15ad000 	/System/Library/PrivateFrameworks/IOKitten.framework/Versions/A/IOKitten
0x00000002372ec000 	/System/Library/PrivateFrameworks/AppleIntelligenceReporting.framework/Versions/A/AppleIntelligenceReporting
0x0000000191c2c000 	/System/Library/PrivateFrameworks/CoreEmoji.framework/Versions/A/CoreEmoji
0x00000001844b5000 	/usr/lib/libCRFSuite.dylib
0x0000000185796000 	/System/Library/PrivateFrameworks/LanguageModeling.framework/Versions/A/LanguageModeling
0x000000019093e000 	/System/Library/PrivateFrameworks/CoreNLP.framework/Versions/A/CoreNLP
0x000000018a713000 	/System/Library/PrivateFrameworks/Montreal.framework/Versions/A/Montreal
0x0000000192da0000 	/usr/lib/libcmph.dylib
0x0000000191fc3000 	/usr/lib/libmecab.dylib
0x0000000192f11000 	/usr/lib/libThaiTokenizer.dylib
0x000000024ea5d000 	/System/Library/PrivateFrameworks/GenerativeModelsFoundation.framework/Versions/A/GenerativeModelsFoundation
0x00000002783ce000 	/System/Library/PrivateFrameworks/TokenGeneration.framework/Versions/A/TokenGeneration
0x000000024e831000 	/System/Library/PrivateFrameworks/GenerativeFunctions.framework/Versions/A/GenerativeFunctions
0x000000024e87f000 	/System/Library/PrivateFrameworks/GenerativeFunctionsFoundation.framework/Versions/A/GenerativeFunctionsFoundation
0x000000025d716000 	/System/Library/PrivateFrameworks/ModelCatalog.framework/Versions/A/ModelCatalog
0x000000026a91a000 	/System/Library/PrivateFrameworks/SensitiveContentAnalysisML.framework/Versions/A/SensitiveContentAnalysisML
0x000000024e915000 	/System/Library/PrivateFrameworks/GenerativeFunctionsInstrumentation.framework/Versions/A/GenerativeFunctionsInstrumentation
0x0000000267743000 	/System/Library/PrivateFrameworks/PromptKit.framework/Versions/A/PromptKit
0x0000000267159000 	/System/Library/PrivateFrameworks/ProactiveDaemonSupport.framework/Versions/A/ProactiveDaemonSupport
0x0000000278606000 	/System/Library/PrivateFrameworks/TokenGenerationCore.framework/Versions/A/TokenGenerationCore
0x00000001b1373000 	/System/Library/PrivateFrameworks/Trial.framework/Versions/A/Trial
0x00000001b12f4000 	/System/Library/PrivateFrameworks/TrialProto.framework/Versions/A/TrialProto
0x0000000236f16000 	/System/Library/PrivateFrameworks/AppleFlatBuffers.framework/Versions/A/AppleFlatBuffers
0x000000026abea000 	/System/Library/PrivateFrameworks/SentencePieceInternal.framework/Versions/A/SentencePieceInternal
0x000000019b809000 	/System/Library/Frameworks/Vision.framework/Versions/A/Vision
0x0000000242314000 	/System/Library/PrivateFrameworks/CoreSceneUnderstanding.framework/Versions/A/CoreSceneUnderstanding
0x000000027d257000 	/System/Library/PrivateFrameworks/VisionCore.framework/Versions/A/VisionCore
0x00000001b9c59000 	/System/Library/Frameworks/Vision.framework/libfaceCore.dylib
0x00000001ba773000 	/System/Library/PrivateFrameworks/Futhark.framework/Versions/A/Futhark
0x00000001be6c2000 	/System/Library/PrivateFrameworks/InertiaCam.framework/Versions/A/InertiaCam
0x00000001ba500000 	/System/Library/PrivateFrameworks/TextRecognition.framework/Versions/A/TextRecognition
0x000000019452e000 	/System/Library/PrivateFrameworks/CVNLP.framework/Versions/A/CVNLP
0x00000001d6d98000 	/System/Library/PrivateFrameworks/HIDDisplay.framework/Versions/A/HIDDisplay
0x0000000195627000 	/System/Library/Frameworks/ApplicationServices.framework/Versions/A/Frameworks/ATSUI.framework/Versions/A/ATSUI
0x00000001972e4000 	/usr/lib/libcups.2.dylib
0x000000019737b000 	/System/Library/Frameworks/Kerberos.framework/Versions/A/Kerberos
0x0000000196feb000 	/usr/lib/libresolv.9.dylib
0x00000001949e8000 	/System/Library/PrivateFrameworks/Heimdal.framework/Versions/A/Heimdal
0x00000001a018f000 	/System/Library/Frameworks/Kerberos.framework/Versions/A/Libraries/libHeimdalProxy.dylib
0x00000001973df000 	/System/Library/PrivateFrameworks/CommonAuth.framework/Versions/A/CommonAuth
0x00000001a94a5000 	/System/Library/PrivateFrameworks/AXCoreUtilities.framework/Versions/A/AXCoreUtilities
0x0000000286877000 	/usr/lib/libAXSafeCategoryBundle.dylib
0x00000002312ce000 	/System/Library/Frameworks/TabularData.framework/Versions/A/TabularData
0x0000000238199000 	/System/Library/PrivateFrameworks/ArgumentParserInternal.framework/Versions/A/ArgumentParserInternal
0x0000000191aee000 	/System/Library/Frameworks/Accelerate.framework/Versions/A/Frameworks/vecLib.framework/Versions/A/libvDSP.dylib
0x00000001930e3000 	/System/Library/Frameworks/Accelerate.framework/Versions/A/Frameworks/vecLib.framework/Versions/A/libLAPACK.dylib
0x0000000192025000 	/System/Library/Frameworks/Accelerate.framework/Versions/A/Frameworks/vecLib.framework/Versions/A/libLinearAlgebra.dylib
0x0000000192f57000 	/System/Library/Frameworks/Accelerate.framework/Versions/A/Frameworks/vecLib.framework/Versions/A/libSparseBLAS.dylib
0x00000001930de000 	/System/Library/Frameworks/Accelerate.framework/Versions/A/Frameworks/vecLib.framework/Versions/A/libQuadrature.dylib
0x0000000190a65000 	/System/Library/Frameworks/Accelerate.framework/Versions/A/Frameworks/vecLib.framework/Versions/A/libBNNS.dylib
0x00000001842b1000 	/System/Library/Frameworks/Accelerate.framework/Versions/A/Frameworks/vecLib.framework/Versions/A/libSparse.dylib
0x0000000197343000 	/System/Library/PrivateFrameworks/NetAuth.framework/Versions/A/NetAuth
0x000000018d944000 	/System/Library/PrivateFrameworks/login.framework/Versions/A/Frameworks/loginsupport.framework/Versions/A/loginsupport
0x0000000191f8d000 	/usr/lib/libCheckFix.dylib
0x000000018cacb000 	/System/Library/PrivateFrameworks/MetadataUtilities.framework/Versions/A/MetadataUtilities
0x0000000252a41000 	/System/Library/PrivateFrameworks/InstalledContentLibrary.framework/Versions/A/InstalledContentLibrary
0x0000000187222000 	/System/Library/PrivateFrameworks/CoreServicesStore.framework/Versions/A/CoreServicesStore
0x00000001c4227000 	/System/Library/PrivateFrameworks/MobileSystemServices.framework/Versions/A/MobileSystemServices
0x00000001943b3000 	/usr/lib/libxslt.1.dylib
0x0000000191f4c000 	/System/Library/PrivateFrameworks/BackgroundTaskManagement.framework/Versions/A/BackgroundTaskManagement
0x000000019f821000 	/usr/lib/libcurl.4.dylib
0x000000028758d000 	/usr/lib/libcrypto.46.dylib
0x0000000288110000 	/usr/lib/libssl.48.dylib
0x000000019f4fb000 	/System/Library/Frameworks/LDAP.framework/Versions/A/LDAP
0x000000019f537000 	/System/Library/PrivateFrameworks/TrustEvaluationAgent.framework/Versions/A/TrustEvaluationAgent
0x0000000197008000 	/usr/lib/libsasl2.2.dylib
0x00000001ad6dd000 	/usr/lib/swift/libswiftCoreGraphics.dylib
0x000000019bea3000 	/usr/lib/swift/libswiftFoundation.dylib
0x00000001e7ec0000 	/usr/lib/swift/libswiftSwiftOnoneSupport.dylib
0x00000002887be000 	/usr/lib/swift/libswiftsys_time.dylib
0x00000001d2a25000 	/System/Library/PrivateFrameworks/CoreMaterial.framework/Versions/A/CoreMaterial
0x0000000286d74000 	/usr/lib/libSpatial.dylib
0x0000000286794000 	/System/Library/SubFrameworks/UIUtilities.framework/Versions/A/UIUtilities
0x0000000106888000 	/Library/Java/JavaVirtualMachines/jdk-21.jdk/Contents/Home/lib/server/libjvm.dylib
0x0000000100e64000 	/Library/Java/JavaVirtualMachines/jdk-21.jdk/Contents/Home/lib/libjimage.dylib
0x0000000100ee8000 	/Library/Java/JavaVirtualMachines/jdk-21.jdk/Contents/Home/lib/libjava.dylib
0x00000001013a4000 	/Library/Java/JavaVirtualMachines/jdk-21.jdk/Contents/Home/lib/libnio.dylib
0x00000001013c4000 	/Library/Java/JavaVirtualMachines/jdk-21.jdk/Contents/Home/lib/libnet.dylib
0x0000000101528000 	/Library/Java/JavaVirtualMachines/jdk-21.jdk/Contents/Home/lib/libzip.dylib
0x00000001013dc000 	/Library/Java/JavaVirtualMachines/jdk-21.jdk/Contents/Home/lib/libextnet.dylib
0x0000000101500000 	/Library/Java/JavaVirtualMachines/jdk-21.jdk/Contents/Home/lib/libverify.dylib
0x000000013209c000 	/private/var/folders/qr/7h9vl5x91ks45f_xf9phsfgm0000gn/T/kitecodec-jni13298711081252586587/libkitecodec_jni.dylib


VM Arguments:
jvm_args: -Dorg.gradle.internal.worker.tmpdir=/Users/macbook/StudioProjects/#Kite/KiteFFmpeg/kiteffmpeg-core/build/tmp/jvmTest/work -Xmx512m -Dfile.encoding=UTF-8 -Duser.country=DZ -Duser.language=en -Duser.variant -ea 
java_command: worker.org.gradle.process.internal.worker.GradleWorkerMain 'Gradle Test Executor 21'
java_class_path (initial): /Users/macbook/.gradle/caches/9.6.0/workerMain/gradle-worker.jar:/Users/macbook/StudioProjects/#Kite/KiteFFmpeg/kiteffmpeg-core/build/classes/kotlin/jvm/test:/Users/macbook/StudioProjects/#Kite/KiteFFmpeg/kiteffmpeg-core/build/classes/kotlin/jvm/main:/Users/macbook/StudioProjects/#Kite/KiteFFmpeg/kiteffmpeg-core/build/processedResources/jvm/main:/Users/macbook/.gradle/caches/modules-2/files-2.1/org.jetbrains.kotlin/kotlin-test-junit/2.4.10/568b64c50af16b8bce7c9b374e223887dc226a4f/kotlin-test-junit-2.4.10.jar:/Users/macbook/.gradle/caches/modules-2/files-2.1/org.jetbrains.kotlin/kotlin-test/2.4.10/833ceeccc1f8669e9566039125139191526f9ea8/kotlin-test-2.4.10.jar:/Users/macbook/.gradle/caches/modules-2/files-2.1/org.jetbrains.kotlinx/kotlinx-coroutines-test-jvm/1.11.0/1dfe8ce2b805d913922f283b386895bd0979dfcb/kotlinx-coroutines-test-jvm-1.11.0.jar:/Users/macbook/.gradle/caches/modules-2/files-2.1/org.jetbrains.kotlinx/kotlinx-coroutines-core-jvm/1.11.0/3d57dc678bd8d72a60e7adf0eca5c54e3f4f4b79/kotlinx-coroutines-core-jvm-1.11.0.jar:/Users/macbook/.gradle/caches/modules-2/files-2.1/org.jetbrains.kotlinx/atomicfu-jvm/0.31.0/c216ff13050d2ee144447a84be8c7efc3094a511/atomicfu-jvm-0.31.0.jar:/Users/macbook/.gradle/caches/modules-2/files-2.1/org.jetbrains.kotlin/kotlin-stdlib/2.4.10/8943c84ddc6d5cc00a10dbc3736c397066eeaab5/kotlin-stdlib-2.4.10.jar:/Users/macbook/.gradle/caches/modules-2/files-2.1/org.jetbrains/annotations/23.0.0/8cc20c07506ec18e0834947b84a864bfc094484e/annotations-23.0.0.jar:/Users/macbook/.gradle/caches/modules-2/files-2.1/junit/junit/4.13.2/8ac9e16d933b6fb43bc7f576336b8f4d7eb5ba12/junit-4.13.2.jar:/Users/macbook/.gradle/caches/modules-2/files-2.1/org.hamcrest/hamcrest-core/1.3/42a25dc3219429f0e5d060061f71acb49bf010a0/hamcrest-core-1.3.jar
Launcher Type: SUN_STANDARD

[Global flags]
     intx CICompilerCount                          = 4                                         {product} {ergonomic}
     uint ConcGCThreads                            = 2                                         {product} {ergonomic}
     uint G1ConcRefinementThreads                  = 8                                         {product} {ergonomic}
   size_t G1HeapRegionSize                         = 1048576                                   {product} {ergonomic}
    uintx GCDrainStackTargetSize                   = 64                                        {product} {ergonomic}
   size_t InitialHeapSize                          = 268435456                                 {product} {ergonomic}
   size_t MarkStackSize                            = 4194304                                   {product} {ergonomic}
   size_t MaxHeapSize                              = 536870912                                 {product} {command line}
   size_t MaxNewSize                               = 321912832                                 {product} {ergonomic}
   size_t MinHeapDeltaBytes                        = 1048576                                   {product} {ergonomic}
   size_t MinHeapSize                              = 8388608                                   {product} {ergonomic}
    uintx NonNMethodCodeHeapSize                   = 5839564                                {pd product} {ergonomic}
    uintx NonProfiledCodeHeapSize                  = 122909338                              {pd product} {ergonomic}
    uintx ProfiledCodeHeapSize                     = 122909338                              {pd product} {ergonomic}
    uintx ReservedCodeCacheSize                    = 251658240                              {pd product} {ergonomic}
     bool SegmentedCodeCache                       = true                                      {product} {ergonomic}
   size_t SoftMaxHeapSize                          = 536870912                              {manageable} {ergonomic}
     bool UseCompressedOops                        = true                           {product lp64_product} {ergonomic}
     bool UseG1GC                                  = true                                      {product} {ergonomic}
     bool UseNUMA                                  = false                                     {product} {ergonomic}
     bool UseNUMAInterleaving                      = false                                     {product} {ergonomic}

Logging:
Log output configuration:
 #0: stdout all=warning uptime,level,tags foldmultilines=false
 #1: stderr all=off uptime,level,tags foldmultilines=false

Environment Variables:
PATH=/Users/macbook/google-cloud-sdk/bin:/Users/macbook/.local/bin:/Users/macbook/.rbenv/bin:/opt/homebrew/opt/rustup/bin:/opt/homebrew/bin:/opt/homebrew/sbin:/usr/local/bin:/System/Cryptexes/App/usr/bin:/usr/bin:/bin:/usr/sbin:/sbin:/var/run/com.apple.security.cryptexd/codex.system/bootstrap/usr/local/bin:/var/run/com.apple.security.cryptexd/codex.system/bootstrap/usr/bin:/var/run/com.apple.security.cryptexd/codex.system/bootstrap/usr/appleinternal/bin:/pkg/env/global/bin:/Library/Apple/usr/bin:/Applications/VMware Fusion.app/Contents/Public:/usr/local/share/dotnet:~/.dotnet/tools:/Users/macbook/.rvm/bin:/Users/macbook/WORKSTATION/AndroidSDK/cmdline-tools/latest/bin:/Users/macbook/WORKSTATION/AndroidSDK/platform-tools:/Users/macbook/WORKSTATION/AndroidSDK/emulator:/Users/macbook/WORKSTATION/AndroidSDK/tools:/Users/macbook/WORKSTATION/AndroidSDK/tools/bin:/Users/macbook/Library/pnpm:/Users/macbook/.rbenv/shims:/Users/macbook/.claude/plugins/cache/caveman/caveman/655b7d9c5431/bin:/Users/macbook/.claude/plugins/cache/claude-plugins-official/superpowers/6.3.0/bin:/Users/macbook/.claude/plugins/cache/karpathy-skills/andrej-karpathy-skills/1.0.0/bin:/Users/macbook/Library/Application Support/Claude/local-agent-mode-sessions/36a53bd8-e04a-4b7b-9aae-3675bf407a58/0ce3247d-328e-46ca-8a01-e25389e31e74/rpm/plugin_011v5h6QUzBZvas64y44XLhy/bin:/Users/macbook/Library/Application Support/Claude/local-agent-mode-sessions/36a53bd8-e04a-4b7b-9aae-3675bf407a58/0ce3247d-328e-46ca-8a01-e25389e31e74/rpm/plugin_014WxCYbLf7f3uw2isHFR9US/bin:/Users/macbook/Library/Application Support/Claude/local-agent-mode-sessions/36a53bd8-e04a-4b7b-9aae-3675bf407a58/0ce3247d-328e-46ca-8a01-e25389e31e74/rpm/plugin_0155zZVATbJU3jHUmPP9NvMC/bin:/Users/macbook/Library/Application Support/Claude/local-agent-mode-sessions/36a53bd8-e04a-4b7b-9aae-3675bf407a58/0ce3247d-328e-46ca-8a01-e25389e31e74/rpm/plugin_01FTLa86dhbVJ3HB1LdHdhN7/bin:/Users/macbook/Library/Application Support/Claude/local-agent-mode-sessions/36a53bd8-e04a-4b7b-9aae-3675bf407a58/0ce3247d-328e-46ca-8a01-e25389e31e74/rpm/plugin_01VTbvGZYaCVU2CNSvhDCnkg/bin:/Users/macbook/Library/Application Support/Claude/local-agent-mode-sessions/36a53bd8-e04a-4b7b-9aae-3675bf407a58/0ce3247d-328e-46ca-8a01-e25389e31e74/rpm/plugin_01XXJmxLXPEhPMmnxmrgntNw/bin:/Users/macbook/Library/Application Support/Claude/local-agent-mode-sessions/skills-plugin/0ce3247d-328e-46ca-8a01-e25389e31e74/36a53bd8-e04a-4b7b-9aae-3675bf407a58/bin
SHELL=/bin/zsh
TMPDIR=/var/folders/qr/7h9vl5x91ks45f_xf9phsfgm0000gn/T/

Active Locale:
LC_ALL=C
LC_COLLATE=C
LC_CTYPE=C
LC_MESSAGES=C
LC_MONETARY=C
LC_NUMERIC=C
LC_TIME=C

Signal Handlers:
   SIGSEGV: crash_handler in libjvm.dylib, mask=11100110000111110111111111111111, flags=SA_ONSTACK|SA_RESTART|SA_SIGINFO, unblocked
    SIGBUS: crash_handler in libjvm.dylib, mask=11100110000111110111111111111111, flags=SA_RESTART|SA_SIGINFO, unblocked
    SIGFPE: crash_handler in libjvm.dylib, mask=11100110000111110111111111111111, flags=SA_RESTART|SA_SIGINFO, unblocked
   SIGPIPE: javaSignalHandler in libjvm.dylib, mask=11100110000111110111111111111111, flags=SA_RESTART|SA_SIGINFO, blocked
   SIGXFSZ: javaSignalHandler in libjvm.dylib, mask=11100110000111110111111111111111, flags=SA_RESTART|SA_SIGINFO, blocked
    SIGILL: crash_handler in libjvm.dylib, mask=11100110000111110111111111111111, flags=SA_RESTART|SA_SIGINFO, unblocked
   SIGUSR2: SR_handler in libjvm.dylib, mask=00000000000000000000000000000000, flags=SA_RESTART|SA_SIGINFO, blocked
    SIGHUP: UserHandler in libjvm.dylib, mask=11100110000111110111111111111111, flags=SA_RESTART|SA_SIGINFO, blocked
    SIGINT: UserHandler in libjvm.dylib, mask=11100110000111110111111111111111, flags=SA_RESTART|SA_SIGINFO, blocked
   SIGTERM: UserHandler in libjvm.dylib, mask=11100110000111110111111111111111, flags=SA_RESTART|SA_SIGINFO, blocked
   SIGQUIT: UserHandler in libjvm.dylib, mask=11100110000111110111111111111111, flags=SA_RESTART|SA_SIGINFO, blocked
   SIGTRAP: crash_handler in libjvm.dylib, mask=11100110000111110111111111111111, flags=SA_RESTART|SA_SIGINFO, unblocked


Periodic native trim disabled

---------------  S Y S T E M  ---------------

OS:
uname: Darwin 25.6.0 Darwin Kernel Version 25.6.0: Sat Jul 11 15:27:02 PDT 2026; root:xnu-12377.161.13~4/RELEASE_ARM64_T8112 arm64
OS uptime: 16 days 1:03 hours
rlimit (soft/hard): STACK 8176k/65520k , CORE 0k/infinity , NPROC 2666/4000 , NOFILE 1048576/infinity , AS infinity/infinity , CPU infinity/infinity , DATA infinity/infinity , FSIZE infinity/infinity , MEMLOCK infinity/infinity , RSS infinity/infinity
load average: 114.83 92.90 86.36

CPU: total 8 (initial active 8) 0x61:0x0:0xda33d83d:0, fp, asimd, aes, pmull, sha1, sha256, crc32, lse, sha3, sha512
machdep.cpu.brand_string:Apple M2
hw.cachelinesize:128
hw.l1icachesize:131072
hw.l1dcachesize:65536
hw.l2cachesize:4194304

Memory: 16k page, physical 16777216k(65312k free), swap 12582912k(871104k free)

vm_info: Java HotSpot(TM) 64-Bit Server VM (21.0.9+7-LTS-338) for bsd-aarch64 JRE (21.0.9+7-LTS-338), built on 2025-09-26T06:33:49Z by "mach5run" with clang Apple LLVM 12.0.0 (clang-1200.0.32.29)

END.
